minutes_watched,CLV,region,channel
3197.0,205.42,2,4
63.0,149.99,0,1
605.0,119.0,2,2
20.0,240.0,2,4
245.0,184.36,1,4
259.0,418.63,0,3
5456.0,245.17,0,1
247.0,177.98,1,3
160.0,283.44,0,3
77.0,295.97,1,1
231.0,202.88,0,3
611.0,149.99,0,4
5915.0,366.45,1,1
816.0,82.58,2,3
1312.0,269.97,2,3
28988.0,253.93,2,8
1319.0,193.63,0,1
9158.0,53.94,0,1
51411.0,449.42,2,3
2812.0,207.12,1,3
5811.0,180.17,2,3
1574.0,180.17,1,6
8121.0,269.97,0,8
399.0,149.99,2,4
1817.0,269.97,0,3
42437.0,285.76,0,3
5574.0,286.17,2,3
266.0,149.99,2,7
4461.0,287.49,0,1
3326.0,102.18,2,4
9410.0,185.98,2,5
1632.0,202.04,2,1
4071.0,149.98,0,7
14036.0,180.52,2,3
6438.0,515.24,2,1
2984.0,363.79,1,3
61.0,149.99,0,4
4499.0,86.24,2,2
315.0,149.98,0,4
2991.0,306.58,2,1
7761.0,176.98,2,1
1293.0,358.18,1,1
3602.0,269.96,2,1
2843.0,286.09,0,7
2646.0,269.97,0,3
1582.0,75.42,2,4
6404.0,528.89,2,1
8413.0,302.11,1,3
3492.0,223.22,1,7
34370.0,295.71,0,1
1188.0,147.0,2,1
611.0,353.53,0,3
980.0,359.03,0,4
1171.0,268.99,2,5
55380.0,64.8,0,7
3.0,213.61,2,4
1616.0,174.01,2,3
288.0,184.44,2,7
1465.0,270.49,0,1
6331.0,99.0,2,4
313.0,118.47,2,1
804.0,213.97,2,3
1971.0,207.55,0,3
1054.0,172.8,2,7
9138.0,245.98,2,4
2128.0,333.9,0,3
3875.0,331.99,0,3
12436.0,84.96,2,3
3564.0,62.58,2,1
2571.0,36.0,0,8
214.0,119.0,0,3
10616.0,350.09,2,7
55539.0,313.2,2,3
11578.0,285.36,2,3
766.0,177.41,2,1
2912.0,269.97,0,6
3229.0,62.58,2,1
37167.0,388.62,2,3
59.0,129.6,2,4
1390.0,46.0,2,4
2778.0,227.78,1,4
613.0,184.44,0,1
9005.0,285.36,0,1
4315.0,149.99,2,3
262.0,174.0,2,4
4308.0,184.45,2,3
89131.0,496.08,0,7
2327.0,330.6,2,3
1602.0,184.43,2,7
671.0,269.76,0,6
2408.0,82.04,2,2
6937.0,174.0,2,7
94.0,149.99,2,1
5554.0,484.69,1,3
228.0,64.8,0,7
7270.0,302.48,0,3
126.0,91.5,2,3
6012.0,207.06,2,7
6197.0,169.04,1,1
4139.0,331.99,2,3
828.0,233.63,1,1
2076.0,36.0,2,3
2967.0,62.58,2,3
115.0,150.64,0,1
2719.0,187.57,2,3
1166.0,62.58,2,1
2432.0,149.99,2,1
6261.0,245.98,2,1
22927.0,245.98,0,3
5912.0,279.59,2,1
5935.0,245.98,2,3
25.0,149.68,0,1
15163.0,149.99,2,1
4199.0,149.99,2,3
2334.0,248.43,0,2
19502.0,171.58,2,1
4087.0,184.44,0,1
302.0,150.0,2,3
6853.0,149.99,2,3
3194.0,62.58,2,7
43.0,63.63,2,3
2311.0,147.0,2,1
2387.0,207.57,1,6
2964.0,313.2,2,7
2931.0,184.44,2,1
1707.0,149.99,0,7
13349.0,64.8,2,3
2389.0,331.99,2,2
1242.0,331.99,0,3
997.0,149.72,0,3
2058.0,230.97,1,1
171.0,149.99,0,1
927.0,212.91,1,1
229.0,184.44,0,3
2575.0,149.99,2,3
26240.0,64.8,0,8
13035.0,365.71,1,4
1162.0,119.0,0,3
33.0,149.99,0,1
401.0,323.82,1,3
8273.0,207.37,1,3
3021.0,172.15,2,7
291.0,325.04,2,1
3500.0,62.58,2,2
7692.0,271.71,0,3
7638.0,184.64,2,3
14810.0,285.36,2,1
1187.0,360.88,1,7
55284.0,64.8,0,1
5849.0,342.2,2,3
3632.0,270.69,0,6
24213.0,199.49,2,4
357.0,149.99,2,1
5605.0,304.63,1,3
9074.0,119.0,0,2
3997.0,343.82,1,3
1443.0,313.77,2,7
1409.0,19.0,2,8
48.0,119.0,2,4
1268.0,313.26,2,1
46.0,63.63,2,4
8231.0,174.14,0,1
20799.0,174.0,0,1
957.0,269.98,0,7
348.0,174.0,0,3
2522.0,313.42,0,3
14187.0,267.48,0,3
3750.0,331.79,0,3
1407.0,146.93,0,1
1915.0,62.58,2,1
72.0,259.02,2,7
1354.0,119.0,2,8
263.0,182.51,1,6
585.0,149.99,2,3
1569.0,302.48,0,3
2031.0,174.0,0,1
3468.0,443.98,0,3
247.0,119.0,0,3
1231.0,184.44,0,3
54.0,49.5,0,1
289.0,121.0,2,1
444.0,77.3,2,4
423.0,36.0,0,8
629.0,150.24,2,3
507.0,62.58,2,1
2483.0,184.44,2,3
8867.0,245.98,2,1
32131.0,292.6,1,3
2623.0,149.99,2,3
909.0,149.99,2,3
21279.0,269.98,2,7
356.0,149.99,2,6
8022.0,48.6,0,3
1502.0,269.98,2,2
94.0,149.99,2,3
32947.0,217.18,2,6
9723.0,157.2,2,6
20292.0,245.98,2,8
3704.0,61.2,2,1
9930.0,62.58,2,4
1869.0,149.99,2,6
2283.0,246.42,0,3
780.0,149.99,2,2
34.0,358.0,1,2
771.0,162.37,2,2
12035.0,217.44,2,1
364.0,62.58,2,4
163.0,270.04,2,4
3001.0,24.71,2,1
19622.0,245.98,2,3
4384.0,245.98,2,1
1224.0,269.98,2,3
538.0,149.99,2,6
1116.0,149.99,2,1
1518.0,150.44,0,1
0.0,300.06,0,4
189.0,150.19,2,3
2781.0,184.44,0,3
484.0,9.5,2,1
1416.0,19.0,2,3
831.0,149.99,2,2
1852.0,62.58,2,3
176.0,36.0,2,3
488.0,121.0,0,1
25571.0,144.0,0,3
616.0,348.13,0,3
694.0,184.44,2,2
1512.0,174.61,2,4
929.0,149.99,0,1
3153.0,99.0,1,1
14177.0,230.35,0,1
1914.0,174.0,2,1
382.0,174.0,0,1
81.0,331.99,0,3
1827.0,149.99,2,8
1548.0,184.44,2,3
5193.0,174.62,0,3
26.0,149.99,0,3
756.0,174.0,1,4
5454.0,149.99,2,1
620.0,184.44,0,1
229.0,174.0,0,4
371.0,173.99,2,1
1517.0,173.59,0,8
188.0,119.0,0,4
1360.0,174.0,2,2
11949.0,378.8,1,2
749.0,172.8,0,7
46.0,145.67,1,1
2252.0,394.64,1,1
15353.0,626.4,2,3
8623.0,335.41,1,1
920.0,174.0,0,3
654.0,141.12,2,4
115.0,147.12,2,3
173.0,62.58,2,1
1749.0,182.16,1,3
520.0,178.03,1,7
2729.0,413.78,1,7
491.0,72.56,2,7
1335.0,174.0,2,3
5306.0,270.4,1,3
5561.0,184.44,0,3
3697.0,64.8,0,3
989.0,181.12,1,1
2938.0,82.05,2,7
446.0,62.22,2,6
3562.0,90.86,2,1
314.0,49.5,0,3
417.0,222.32,1,3
234.0,174.0,0,3
714.0,184.44,2,3
65.0,129.6,2,1
2512.0,174.0,2,3
12723.0,373.73,2,3
7207.0,173.5,0,8
14553.0,441.9,1,1
1394.0,240.0,2,3
3767.0,174.0,2,3
292.0,187.95,1,3
40488.0,185.7,0,7
14621.0,18.0,2,4
913.0,184.14,1,4
133.0,62.57,2,7
2085.0,273.0,0,3
643.0,174.0,0,1
8289.0,211.44,2,3
1164.0,149.99,1,3
186.0,62.58,2,1
1.0,149.99,0,1
686.0,149.99,2,3
901.0,133.0,0,1
1750.0,173.45,0,3
89.0,184.51,0,1
461.0,184.44,0,7
5156.0,106.1,0,4
41.0,62.58,2,6
1653.0,91.5,2,3
1606.0,149.8,1,1
631.0,240.0,0,7
1614.0,149.99,0,1
1028.0,149.98,2,1
1675.0,119.0,2,4
918.0,68.36,2,7
1861.0,149.99,0,3
2595.0,149.66,2,3
2239.0,149.99,2,3
203.0,149.99,0,1
152.0,149.99,2,4
1055.0,149.99,2,3
653.0,30.0,2,3
914.0,149.99,0,4
380.0,149.99,0,1
1379.0,149.99,2,7
674.0,149.99,2,3
1743.0,149.99,0,3
5004.0,149.99,2,1
5357.0,149.74,0,1
4587.0,133.75,1,3
539.0,149.99,0,3
826.0,184.44,0,3
396.0,178.14,1,3
836.0,149.99,2,3
11346.0,149.99,2,1
983.0,150.0,0,6
476.0,149.99,2,8
1785.0,10.0,1,2
125.0,149.99,0,3
68.0,149.99,2,3
409.0,178.8,1,3
321.0,138.0,0,1
666.0,150.13,2,1
150.0,150.28,0,2
320.0,79.41,2,3
3230.0,174.0,0,3
3461.0,239.96,1,3
220.0,184.44,0,3
1127.0,174.28,0,3
289.0,62.58,2,3
372.0,27.0,2,6
3702.0,174.0,2,7
130.0,181.95,1,2
544.0,174.0,0,3
1305.0,184.44,2,3
2505.0,212.97,1,1
263.0,149.99,0,7
110.0,174.0,0,7
0.0,183.92,0,3
1283.0,184.44,2,3
1741.0,62.58,2,3
21.0,137.99,0,7
6132.0,174.0,2,1
12677.0,150.42,0,3
661.0,186.9,0,3
148.0,62.56,2,3
1972.0,184.04,0,6
4440.0,138.0,0,1
198.0,141.26,1,3
3555.0,184.44,2,3
1615.0,149.99,2,1
339.0,212.94,1,6
202.0,149.99,2,3
536.0,62.58,2,2
190.0,174.0,2,7
785.0,62.58,2,1
108329.0,344.4,2,3
28815.0,269.67,1,8
366.0,137.98,0,1
0.0,43.82,1,3
1146.0,174.0,2,3
10438.0,55.0,2,3
1171.0,174.22,2,4
1132.0,221.47,1,7
514.0,184.45,2,1
5018.0,184.44,0,1
827.0,184.44,2,7
10796.0,64.8,2,1
1277.0,149.99,2,3
3076.0,182.55,0,4
8158.0,174.0,2,3
530.0,34.2,2,7
761.0,174.47,0,3
504.0,184.44,0,3
692.0,144.45,1,6
429.0,142.15,1,8
2377.0,65.88,2,5
7800.0,209.92,1,3
577.0,62.58,2,4
372.0,178.91,1,7
402.0,122.56,1,1
697.0,174.0,0,3
2383.0,168.23,2,3
277.0,36.19,0,3
588.0,285.23,1,4
742.0,86.25,2,4
17266.0,184.8,1,6
2303.0,174.0,0,1
11916.0,64.8,0,1
2659.0,155.0,2,7
499.0,36.0,2,4
18983.0,209.78,1,6
1373.0,61.2,2,3
15877.0,59.04,0,3
1904.0,62.58,2,1
1322.0,86.25,2,1
45.0,174.0,0,2
714.0,177.69,1,3
1804.0,149.98,2,1
3216.0,93.67,2,1
144.0,143.28,2,1
1383.0,243.14,1,2
47.0,212.76,1,1
289.0,118.58,0,2
2238.0,128.36,1,3
457.0,149.99,2,3
1995.0,62.58,2,8
27636.0,136.21,1,1
58.0,36.0,2,1
13482.0,64.8,2,3
89.0,149.99,2,3
468.0,149.99,2,3
143.0,178.24,1,3
3570.0,209.29,1,1
497.0,174.0,0,2
0.0,4.19,2,3
800.0,62.57,2,5
500.0,149.99,0,1
291.0,149.99,2,3
426.0,174.0,0,3
147.0,174.0,2,1
967.0,36.0,0,3
732.0,215.76,2,7
383.0,180.58,1,1
124.0,347.19,0,3
814.0,149.53,0,7
7567.0,347.05,0,8
1.0,49.36,0,8
158.0,27.0,2,1
3626.0,160.97,0,3
7585.0,118.91,2,6
0.0,149.61,1,7
74.0,184.44,0,3
1745.0,216.52,0,6
9094.0,184.37,1,6
843.0,36.0,2,7
255.0,149.99,0,3
4588.0,174.6,2,7
4307.0,174.6,2,3
655.0,149.99,2,6
935.0,118.63,0,4
2408.0,149.99,0,1
317.0,118.32,2,3
927.0,149.63,0,3
79.0,149.99,0,2
2250.0,149.99,0,2
7.0,62.58,2,1
10865.0,0.0,2,3
1398.0,36.0,2,4
994.0,62.58,2,3
3177.0,146.4,2,6
261.0,149.99,0,3
234.0,149.99,1,1
1315.0,149.99,0,8
393.0,149.99,0,3
840.0,149.99,0,6
804.0,178.83,1,8
2542.0,119.0,0,3
0.0,149.99,2,1
282.0,138.0,0,3
2897.0,179.59,2,1
0.0,150.28,0,6
1506.0,97.1,0,1
278.0,269.22,0,1
961.0,36.0,2,1
218.0,36.0,2,1
32.0,150.42,0,7
1303.0,149.99,2,1
350.0,149.99,0,7
1041.0,180.93,1,1
19092.0,149.99,2,8
32.0,149.98,2,7
18778.0,149.99,2,2
407.0,149.99,2,3
325.0,152.56,0,1
178.0,149.99,0,3
368.0,149.99,0,3
92.0,36.0,2,6
21.0,181.87,1,6
1213.0,57.75,1,3
296.0,36.0,2,3
0.0,36.0,0,3
3240.0,146.89,2,3
199.0,149.99,0,1
137.0,149.99,0,6
0.0,149.99,0,1
293.0,62.58,2,4
143.0,149.99,0,3
187.0,62.58,2,3
2104.0,148.75,1,1
86.0,150.14,0,3
1488.0,180.34,1,3
3888.0,205.54,0,3
457.0,220.44,2,2
0.0,149.99,0,8
362.0,119.0,0,4
6463.0,149.99,0,7
83.0,149.99,2,3
5846.0,70.0,2,3
52.0,149.99,0,2
516.0,149.99,2,3
1900.0,179.25,1,3
1240.0,150.64,0,3
3395.0,149.99,0,1
2969.0,149.64,2,4
907.0,180.69,1,8
4600.0,238.02,0,6
518.0,149.99,0,3
559.0,118.7,0,3
3121.0,149.99,2,4
30.0,149.99,2,3
200.0,62.57,2,3
53.0,179.12,2,3
767.0,188.15,1,3
29.0,150.18,0,1
1266.0,149.99,2,3
5558.0,48.6,2,3
42.0,141.61,1,3
70.0,149.99,0,8
5.0,149.99,0,3
235.0,178.03,1,7
1091.0,184.44,2,6
615.0,149.99,0,8
3895.0,149.99,2,3
48.0,174.13,0,4
2233.0,149.99,2,3
492.0,52.06,2,4
57.0,178.16,1,3
2246.0,150.04,0,1
37797.0,153.2,2,3
53.0,149.99,0,3
2973.0,187.04,1,3
599.0,149.99,2,4
1575.0,149.57,0,1
429.0,149.99,2,3
316.0,182.07,1,1
0.0,149.99,2,3
2539.0,396.48,1,3
4219.0,150.32,2,2
4369.0,149.99,2,3
603.0,178.46,1,3
2148.0,178.22,1,1
48.0,149.99,0,3
1051.0,75.43,2,1
1240.0,138.0,2,3
1647.0,119.25,2,7
1679.0,149.75,0,3
173.0,149.99,0,3
125.0,149.99,2,3
428.0,605.99,2,3
62.0,149.99,0,8
323.0,149.99,2,3
3038.0,149.99,0,7
1708.0,119.0,2,1
1305.0,181.24,1,3
84.0,149.99,0,3
1419.0,119.39,0,1
121.0,215.76,2,4
863.0,78.19,1,2
0.0,77.3,0,8
4929.0,265.5,2,3
540.0,174.0,0,6
4637.0,173.39,0,7
736.0,107.72,2,6
15700.0,165.3,1,3
15.0,219.5,1,3
917.0,184.44,2,3
887.0,220.75,2,4
53.0,62.58,2,3
2739.0,208.02,1,2
1870.0,199.92,2,3
47.0,174.0,0,1
448.0,174.0,0,3
560.0,156.0,2,3
189.0,211.49,1,2
3884.0,174.14,2,3
211.0,63.63,2,5
991.0,174.0,0,3
2937.0,64.8,2,7
1340.0,36.0,2,3
0.0,97.0,2,7
1549.0,167.97,0,3
399.0,174.0,0,3
120.0,27.0,0,3
129.0,184.55,0,7
4659.0,36.0,2,5
1112.0,36.0,0,1
109.0,174.0,0,3
94.0,62.58,2,4
3103.0,214.36,1,3
83.0,61.88,1,1
164.0,284.56,1,6
377.0,36.0,0,3
95.0,174.0,2,3
17873.0,78.23,2,8
1713.0,91.5,2,3
1331.0,91.5,2,3
7215.0,64.8,0,3
203.0,119.0,0,4
922.0,36.0,2,1
54.0,138.65,2,6
4.0,386.0,1,6
5660.0,286.81,1,3
6380.0,172.78,2,3
654.0,149.76,0,7
2053.0,62.58,2,4
1269.0,27.0,2,4
1360.0,62.58,2,7
28.0,146.58,2,6
10245.0,91.5,2,4
1399.0,174.0,2,4
373.0,174.0,0,3
340.0,49.5,2,4
7356.0,119.0,2,8
375.0,62.58,2,3
1494.0,19.0,2,4
45.0,164.88,1,3
974.0,63.63,2,1
11157.0,174.0,2,1
3116.0,184.3,0,4
2514.0,215.76,0,7
1585.0,184.44,0,3
569.0,36.0,0,1
2314.0,62.58,2,1
1154.0,34.2,2,7
282.0,19.0,2,8
528.0,14.25,2,7
277.0,49.5,2,8
195.0,184.44,0,3
14615.0,59.04,0,3
3938.0,205.84,2,6
175.0,42.68,2,4
10.0,174.51,0,6
821.0,62.58,2,3
0.0,172.78,2,8
41.0,49.41,0,8
1078.0,240.22,1,6
490.0,230.23,2,3
1902.0,119.0,0,3
141.0,119.0,0,3
2131.0,96.99,2,4
26141.0,221.97,1,7
0.0,49.53,0,8
671.0,35.92,0,1
219.0,62.57,2,1
8952.0,142.4,2,3
3437.0,48.6,2,3
234.0,19.0,2,3
15.0,91.5,0,8
508.0,119.0,0,8
359.0,62.58,2,4
474.0,19.0,2,7
21954.0,292.95,1,3
84.0,37.98,1,7
1733.0,209.71,1,2
938.0,129.6,0,4
277.0,74.47,1,7
11.0,118.38,0,4
418.0,142.65,0,3
2932.0,198.18,1,3
8075.0,119.0,2,7
830.0,174.0,0,3
269.0,182.51,1,6
3370.0,72.18,0,3
0.0,0.0,1,2
74.0,174.0,0,3
1441.0,62.58,2,1
709.0,32.75,1,1
384.0,223.5,0,7
4875.0,62.58,2,4
1999.0,91.96,0,1
136.0,170.5,0,3
140.0,147.86,2,3
42.0,121.0,0,3
850.0,178.49,1,3
2315.0,146.55,2,2
88.0,184.44,0,3
371.0,174.0,2,3
1653.0,174.0,2,8
675.0,173.08,0,3
272.0,174.0,0,3
1968.0,220.34,1,3
96.0,199.49,0,4
177.0,174.0,0,1
944.0,19.0,2,1
325.0,64.8,0,3
15.0,121.0,0,6
576.0,146.92,1,3
207.0,174.0,0,3
443.0,62.58,2,8
2029.0,38.06,2,3
209.0,184.44,0,3
1521.0,348.0,2,3
178.0,137.38,0,3
874.0,150.54,0,6
557.0,14.25,2,3
557.0,174.0,0,1
7050.0,303.44,0,3
570.0,91.5,2,4
6812.0,154.88,0,3
1017.0,81.36,0,3
1260.0,118.95,2,4
784.0,36.0,0,1
531.0,64.8,0,8
15053.0,148.41,0,8
295.0,119.0,0,8
384.0,91.5,2,3
62.0,160.0,0,3
359.0,118.9,0,1
985.0,118.58,2,7
192.0,19.0,2,3
1116.0,64.8,0,4
122.0,119.0,0,1
15413.0,36.0,2,7
11954.0,36.0,2,4
253.0,32.52,1,1
1027.0,119.32,2,3
474.0,119.0,0,1
233.0,77.31,2,1
328.0,97.0,2,3
134.0,119.0,0,1
947.0,142.51,2,1
488.0,164.54,1,1
1049.0,119.34,0,3
2301.0,119.06,0,2
8793.0,123.65,0,1
311.0,119.11,1,3
13.0,118.96,0,1
182.0,184.44,0,3
89.0,62.58,2,3
607.0,62.57,2,1
17137.0,176.03,2,7
130.0,62.58,2,4
1004.0,62.58,1,4
133.0,143.52,1,4
1111.0,118.31,0,4
2761.0,62.58,2,4
2295.0,36.0,0,3
296.0,119.38,2,4
2598.0,89.29,2,4
1362.0,62.58,2,4
0.0,119.01,0,4
1147.0,141.51,2,4
105.0,119.26,0,4
670.0,62.57,2,4
0.0,62.57,2,4
603.0,149.99,2,4
166.0,179.34,1,6
7.0,142.82,1,4
86.0,62.58,2,4
81.0,62.58,2,6
348.0,119.0,0,4
84.0,138.0,2,4
2589.0,119.0,2,4
310.0,62.58,2,4
0.0,62.58,2,6
235.0,156.0,2,4
11429.0,36.0,0,4
23.0,119.0,0,4
78.0,62.58,2,7
2087.0,119.0,0,4
511.0,149.99,2,5
2201.0,91.8,2,7
1027.0,62.58,2,4
449.0,119.0,0,4
4900.0,148.69,1,4
112.0,62.58,2,4
299.0,119.0,2,4
2038.0,218.0,2,4
198.0,119.0,2,7
905.0,144.18,2,4
54.0,119.0,2,4
49.0,62.58,0,4
914.0,144.72,1,6
2720.0,91.5,2,1
2221.0,119.0,0,4
2345.0,119.0,0,4
1047.0,62.58,2,4
1103.0,155.0,2,7
1301.0,119.0,0,4
26.0,62.58,2,7
0.0,119.0,2,2
179.0,62.58,2,7
38.0,72.57,2,4
15.0,62.58,2,7
731.0,119.0,1,3
929.0,145.17,1,4
551.0,62.58,2,5
36.0,119.0,2,4
72.0,62.58,2,4
303.0,119.0,0,3
82.0,62.58,2,3
340.0,118.84,0,3
4329.0,119.0,2,4
421.0,78.88,2,4
819.0,119.0,2,4
856.0,218.0,2,4
70.0,75.2,2,4
709.0,119.0,2,3
12.0,78.88,2,4
2898.0,90.0,2,4
1903.0,63.63,2,7
10302.0,62.58,2,4
89.0,119.0,2,4
474.0,119.0,2,4
275.0,62.58,2,6
137.0,36.0,2,4
886.0,62.58,2,3
2640.0,129.78,2,4
354.0,163.37,0,1
699.0,206.18,1,1
417.0,151.0,0,3
1038.0,14.25,2,3
5704.0,62.58,2,3
135.0,141.23,1,7
0.0,119.0,2,2
6802.0,36.0,0,4
3806.0,142.03,1,7
1434.0,119.05,0,3
808.0,62.58,2,1
69.0,119.0,2,4
264.0,151.41,0,4
10.0,151.0,2,4
35.0,77.3,2,3
98.0,142.05,1,4
218.0,118.55,0,4
24860.0,151.03,2,8
402.0,119.0,2,4
4378.0,348.0,0,8
859.0,144.45,1,3
168.0,119.0,2,6
713.0,149.99,1,4
1462.0,62.58,2,4
188.0,62.58,2,2
153.0,137.99,0,1
1181.0,62.58,2,3
2108.0,64.8,0,8
192.0,119.0,0,1
2902.0,119.0,0,3
318.0,62.58,2,4
72.0,63.63,2,2
329.0,19.0,2,7
529.0,78.87,2,4
78.0,121.0,2,4
1056.0,119.0,0,4
466.0,138.77,0,3
569.0,119.0,0,4
923.0,143.19,1,3
1032.0,145.76,2,6
13059.0,119.0,2,3
1860.0,118.72,0,3
1215.0,149.99,2,2
0.0,119.01,0,4
3941.0,19.0,2,4
197.0,119.0,0,3
1419.0,62.58,2,4
559.0,34.2,2,4
202.0,119.0,2,4
479.0,62.58,2,7
0.0,118.61,0,3
37.0,119.0,2,4
574.0,119.0,2,4
888.0,62.58,2,4
27.0,119.0,0,4
379.0,119.0,2,7
680.0,119.0,0,3
806.0,62.58,2,4
9.0,119.0,0,3
476.0,119.0,0,4
807.0,119.0,0,4
431.0,62.58,2,4
1211.0,119.0,0,3
155.0,119.0,0,3
683.0,138.0,0,4
284.0,119.0,0,1
654.0,62.58,2,4
1269.0,151.03,2,8
0.0,138.0,2,3
3541.0,27.0,2,1
814.0,62.58,2,4
1233.0,119.0,0,3
189.0,119.0,2,4
50.0,119.57,0,7
96.0,62.58,2,8
2440.0,62.58,2,4
635.0,68.36,2,4
1484.0,119.0,2,4
973.0,119.0,0,8
852.0,36.0,0,8
1838.0,72.27,1,8
152.0,62.58,2,4
222.0,173.63,1,1
123.0,27.0,0,3
1634.0,147.0,2,8
167.0,63.63,2,4
1673.0,56.79,2,1
59.0,91.5,2,3
448.0,62.58,2,1
7029.0,160.03,2,2
1121.0,91.5,2,4
180.0,62.57,2,4
248.0,144.47,1,1
515.0,56.72,2,4
56.0,62.58,2,4
4078.0,90.86,2,4
965.0,119.0,2,1
110.0,119.53,2,3
2544.0,36.0,2,1
1443.0,150.32,0,4
0.0,36.0,0,6
6671.0,299.75,1,4
3654.0,211.8,2,7
1470.0,119.0,0,4
603.0,62.58,2,5
425.0,62.58,2,7
491.0,119.02,2,7
98.0,141.77,1,4
30357.0,40.85,2,7
215.0,62.58,0,4
886.0,119.0,2,4
353.0,182.78,1,7
832.0,62.58,2,4
831.0,62.58,2,4
3318.0,174.95,2,6
5792.0,42.12,2,4
218.0,62.58,2,7
265.0,121.0,0,6
6037.0,119.0,2,3
560.0,118.46,0,1
1525.0,119.0,2,4
387.0,167.67,1,3
1219.0,118.8,0,4
246.0,62.58,2,4
1438.0,62.58,2,2
269.0,119.0,0,8
3535.0,17.1,2,1
378.0,186.13,2,6
6783.0,122.67,0,8
118.0,119.0,0,1
991.0,118.58,0,3
38.0,141.64,1,5
6432.0,62.58,2,5
5896.0,119.0,2,8
17997.0,118.88,2,3
44.0,62.58,2,4
399.0,156.0,2,7
2.0,0.0,2,2
437.0,118.65,0,7
434.0,77.3,2,5
101.0,62.58,2,3
40.0,143.0,2,4
445.0,164.0,2,3
909.0,143.0,0,8
419.0,142.45,2,4
368.0,119.0,2,4
651.0,119.0,0,4
10442.0,62.58,2,2
2140.0,62.58,2,7
177.0,62.58,2,1
277.0,72.57,2,7
4396.0,119.0,0,3
373.0,118.42,2,4
5.0,142.36,1,8
1717.0,62.58,2,2
104.0,141.19,1,5
86.0,142.84,1,4
563.0,119.0,0,3
3784.0,34.2,2,2
756.0,35.84,1,3
159.0,119.0,2,5
1593.0,75.2,2,4
325.0,119.0,0,4
10466.0,151.03,2,4
616.0,25.2,0,4
648.0,119.0,2,2
2751.0,148.78,2,2
1056.0,62.58,2,6
481.0,141.17,2,7
8620.0,48.6,0,3
0.0,62.58,1,1
1060.0,62.58,2,3
376.0,96.99,2,7
689.0,25.5,2,5
615.0,14.25,2,7
309.0,119.0,0,6
3436.0,31.16,2,2
682.0,75.2,2,7
585.0,62.58,2,1
222.0,62.58,2,7
38.0,62.58,2,2
388.0,145.45,1,4
2204.0,62.58,0,6
163.0,131.81,0,7
559.0,17.1,2,2
1007.0,62.58,2,3
508.0,164.0,2,7
227.0,62.58,2,3
654.0,62.58,2,1
166.0,130.0,2,4
12040.0,113.58,2,1
89.0,62.58,2,4
399.0,62.58,2,2
638.0,263.0,0,8
6230.0,64.8,2,4
746.0,19.0,2,7
1574.0,62.58,2,4
1545.0,119.0,0,1
748.0,119.0,2,4
125.0,142.69,1,1
1756.0,119.0,0,7
884.0,180.2,0,4
7964.0,62.58,2,8
65.0,149.51,2,8
32.0,62.58,2,5
301.0,148.14,1,4
400.0,119.0,2,6
4222.0,63.63,2,4
952.0,62.58,2,8
106.0,148.32,1,1
34.0,8.0,2,4
782.0,63.63,2,2
553.0,62.58,1,1
423.0,119.0,0,3
646.0,62.58,2,2
297.0,62.58,2,1
189.0,62.58,2,2
2604.0,62.58,2,8
1205.0,142.87,1,3
1154.0,119.07,0,2
1164.0,62.58,2,2
0.0,82.04,2,4
4.0,119.0,0,3
51.0,149.83,0,8
50463.0,412.87,0,1
909.0,62.58,2,2
2274.0,36.0,0,2
3173.0,62.58,2,4
23522.0,222.75,2,4
7500.0,119.0,0,3
60.0,119.0,0,1
2610.0,389.51,0,1
1404.0,62.58,2,3
660.0,62.58,2,3
1622.0,121.0,2,4
7320.0,33.25,2,8
1229.0,184.44,0,7
223.0,62.58,2,4
319.0,119.0,2,7
3913.0,359.0,0,1
498.0,62.52,2,4
8617.0,34.2,2,5
39971.0,119.0,0,3
2450.0,19.0,2,6
8676.0,119.0,2,4
1043.0,62.58,2,2
1575.0,118.9,0,4
1031.0,119.0,0,3
1759.0,119.0,0,3
945.0,62.58,2,1
463.0,64.8,2,3
1931.0,75.2,2,4
0.0,119.27,0,8
242.0,118.9,0,7
137.0,118.97,0,4
574.0,62.58,2,2
4372.0,62.58,2,8
494.0,1.0,2,7
3729.0,62.58,2,2
284.0,119.0,2,7
2019.0,34.2,2,4
816.0,62.57,2,4
672.0,119.0,0,4
331.0,119.1,0,8
30.0,119.0,2,4
691.0,62.58,2,4
287.0,119.0,2,4
326.0,62.58,2,4
2513.0,62.58,2,7
1512.0,19.0,2,6
237.0,62.58,2,2
1187.0,62.58,2,7
4718.0,62.58,2,3
0.0,63.63,2,7
5408.0,45.9,0,6
324.0,119.0,2,7
5426.0,48.6,2,8
175.0,145.2,1,1
109109.0,543.02,0,8
1170.0,62.58,2,3
152.0,142.14,1,8
987.0,119.0,2,7
465.0,119.0,2,3
5522.0,82.63,2,1
454.0,142.82,1,3
108.0,62.58,2,4
72.0,62.58,2,2
1306.0,194.36,0,5
3106.0,62.58,2,6
136.0,62.58,2,4
1148.0,118.66,0,2
211.0,27.0,0,4
1876.0,174.17,0,1
2096.0,119.0,2,4
330.0,119.0,0,4
5337.0,50.06,2,4
312.0,119.0,2,1
2386.0,75.19,2,3
2601.0,293.0,0,4
534.0,36.1,0,4
2313.0,62.58,2,4
9.0,119.0,0,4
109.0,119.0,0,1
3959.0,62.58,2,7
1925.0,62.58,2,4
976.0,138.16,2,4
1584.0,62.58,2,2
13.0,137.98,2,4
16.0,62.57,2,4
171.0,79.41,2,4
3380.0,43.89,1,4
1254.0,143.53,1,4
395.0,183.0,2,7
2838.0,145.91,1,4
3385.0,119.0,2,4
797.0,118.38,0,4
622.0,62.57,2,3
5140.0,119.0,2,4
2501.0,119.0,2,4
1729.0,144.45,1,2
5825.0,62.58,2,4
114.0,119.0,0,7
8802.0,80.37,2,4
345.0,36.0,2,5
495.0,62.57,2,6
10510.0,91.37,2,7
280.0,62.58,2,3
1411.0,159.54,2,4
392.0,118.66,2,7
1288.0,119.0,2,1
5331.0,142.06,2,8
1464.0,148.83,1,6
154.0,143.95,1,4
210.0,119.0,2,4
203.0,78.87,2,7
798.0,141.0,1,1
821.0,119.0,0,7
972.0,62.57,2,3
0.0,119.0,0,8
180.0,147.12,1,1
2008.0,119.24,2,1
2836.0,119.32,2,1
62.0,118.97,0,3
998.0,72.57,2,4
29.0,119.0,2,2
1701.0,62.58,2,5
2828.0,340.25,2,3
222.0,62.58,2,1
2561.0,119.34,0,4
3598.0,119.35,0,4
188.0,62.58,2,3
351.0,91.5,2,1
1950.0,119.0,2,1
269.0,62.58,2,4
4385.0,119.9,0,4
151.0,62.58,2,4
1049.0,62.58,2,4
446.0,64.8,2,1
290.0,63.63,2,1
1150.0,137.98,0,8
645.0,119.08,2,7
157.0,120.0,0,4
368.0,119.0,2,7
5580.0,146.92,1,4
1143.0,91.5,2,4
26961.0,144.08,1,4
167.0,119.0,0,4
1680.0,9.5,2,8
327.0,119.0,0,5
104.0,142.36,1,4
20889.0,23.37,2,1
3054.0,144.87,1,4
406.0,142.82,1,4
8065.0,119.0,2,3
52.0,147.0,0,5
413.0,119.0,0,3
1357.0,119.0,2,7
308.0,119.0,2,5
1657.0,119.0,0,7
1784.0,144.96,1,4
1055.0,62.58,2,4
676.0,119.0,2,4
1309.0,36.0,2,6
1102.0,119.0,0,3
2921.0,48.6,2,5
3838.0,62.58,0,7
2919.0,119.0,2,3
201.0,99.01,0,2
2403.0,119.0,0,4
142.0,119.0,0,4
753.0,173.57,0,3
5819.0,46.36,2,1
120.0,119.0,0,2
2809.0,119.0,2,7
131.0,119.0,2,1
47.0,119.0,0,4
2333.0,62.58,2,8
106.0,72.57,2,4
0.0,84.14,2,1
7.0,62.58,2,4
1860.0,62.58,2,4
189.0,119.0,0,4
300.0,119.0,0,3
815.0,62.58,2,5
420.0,62.58,2,2
509.0,19.0,2,4
21.0,149.99,2,4
0.0,121.0,0,2
95.0,119.0,0,4
3915.0,240.0,0,3
126.0,62.58,2,2
345.0,62.58,2,2
4118.0,119.0,0,1
6767.0,144.43,2,4
118.0,62.58,2,1
24.0,164.0,0,8
519.0,119.0,0,3
14289.0,14.25,2,1
528.0,119.0,2,7
261.0,78.87,2,4
15.0,63.63,2,2
4017.0,62.58,2,3
407.0,36.0,2,7
713.0,143.0,0,8
756.0,62.58,2,2
1666.0,25.65,1,4
7625.0,62.58,2,4
628.0,36.0,2,7
837.0,119.0,1,7
3.0,62.57,2,4
1494.0,62.58,0,8
78.0,119.0,1,4
189.0,174.0,2,7
137.0,62.57,2,3
2220.0,146.56,1,3
1557.0,180.91,1,1
518.0,62.58,2,7
1933.0,310.99,1,4
8201.0,19.0,2,3
5221.0,62.58,2,6
1723.0,142.22,2,1
409.0,62.58,2,4
73258.0,62.58,2,4
529.0,119.0,2,4
192.0,63.63,2,2
2235.0,119.0,2,4
6127.0,174.0,2,8
138.0,91.5,2,1
542.0,19.0,2,7
988.0,119.0,0,1
5905.0,119.0,0,8
248.0,119.34,0,3
352.0,119.0,2,4
104.0,118.43,0,3
664.0,119.02,2,4
10700.0,34.2,2,7
46.0,119.0,0,4
3245.0,72.57,2,1
326.0,62.57,2,7
2388.0,62.58,2,5
626.0,119.0,0,8
296.0,119.0,0,4
0.0,119.23,0,4
3146.0,62.58,2,1
156.0,62.58,2,5
7208.0,143.85,0,4
544.0,62.75,2,4
695.0,119.0,2,7
6522.0,118.78,0,4
1024.0,70.24,0,7
1120.0,237.32,2,7
1095.0,62.58,2,6
3976.0,62.58,2,2
4037.0,138.55,1,4
156.0,348.0,2,6
440.0,201.73,2,7
138.0,62.58,2,5
2317.0,59.04,0,3
731.0,389.48,0,8
85.0,62.63,2,2
9535.0,62.58,2,2
345.0,119.0,0,8
579.0,119.0,0,4
471.0,149.99,0,2
377.0,119.0,2,7
386.0,119.0,0,1
393.0,91.5,2,8
1936.0,208.8,1,4
1940.0,143.99,1,2
227.0,27.0,0,7
4828.0,111.62,1,7
171.0,142.14,1,3
297.0,119.0,0,4
1278.0,62.58,2,7
1228.0,147.0,2,2
101.0,118.64,0,4
135.0,62.58,2,5
262.0,119.0,2,1
148.0,86.24,2,2
411.0,62.58,2,5
29.0,119.0,0,6
669.0,119.0,0,3
279.0,119.27,2,4
329.0,62.58,2,5
288508.0,34.2,2,2
207.0,62.58,2,2
8349.0,119.09,0,8
1.0,119.0,0,3
107.0,62.58,2,2
350.0,62.58,2,5
1591.0,64.8,1,7
786.0,155.2,0,6
260.0,62.58,2,7
607.0,119.0,2,5
80.0,119.0,2,7
194.0,62.58,2,4
2849.0,229.66,2,2
2891.0,101.02,2,6
53.0,119.0,2,4
615.0,82.04,2,7
52.0,119.0,0,2
3635.0,119.0,0,3
1882.0,62.58,2,6
198.0,119.0,0,4
109.0,62.58,2,4
38.0,119.0,0,5
1453.0,62.58,2,2
933.0,141.64,1,4
979.0,36.0,2,4
899.0,145.72,1,8
784.0,174.0,0,1
454.0,91.5,2,3
1289.0,42.8,1,2
972.0,27.0,2,7
1836.0,144.01,1,3
1242.0,118.32,2,1
235.0,118.88,0,1
976.0,84.14,2,2
419.0,62.58,2,1
106.0,62.58,2,4
1.0,62.57,2,4
1.0,62.58,1,4
2247.0,143.53,1,2
1186.0,9.5,0,2
879.0,143.52,2,3
1074.0,147.58,1,6
605.0,62.58,2,2
970.0,36.0,0,3
795.0,62.58,2,1
1636.0,119.02,1,6
7413.0,62.58,2,4
1806.0,64.8,2,6
237.0,62.58,2,4
22621.0,151.3,0,8
68.0,144.47,1,3
325.0,62.58,2,7
35.0,150.78,0,1
12126.0,62.58,2,7
941.0,27.0,2,4
386.0,119.0,2,7
738.0,119.38,0,3
8312.0,119.36,0,3
1235.0,142.14,1,4
2134.0,62.58,2,7
80.0,118.73,0,2
568.0,196.81,2,3
678.0,113.46,2,4
6008.0,185.99,2,4
506.0,187.32,1,2
12.0,119.02,0,4
2880.0,62.58,2,2
47.0,119.0,0,3
2401.0,314.26,1,1
515.0,78.87,2,4
1703.0,119.0,2,8
37.0,118.66,0,8
1224.0,62.58,2,2
843.0,25.65,2,2
649.0,240.0,2,3
210.0,119.0,2,8
844.0,36.0,2,2
310.0,197.97,0,4
551.0,133.04,2,2
264.0,119.0,0,4
8.0,118.52,0,5
2606.0,119.0,2,1
60628.0,30.6,2,2
679.0,36.0,0,2
875.0,118.48,0,2
162.0,62.58,2,2
469.0,62.58,2,4
185.0,119.0,2,4
681.0,62.58,2,5
55.0,138.0,0,7
6607.0,36.0,2,7
1321.0,67.46,2,4
475.0,62.58,2,2
1587.0,144.36,1,4
35.0,119.0,0,3
555.0,119.0,0,2
405.0,19.0,2,2
341.0,62.22,2,4
606.0,62.58,2,2
250.0,62.58,2,2
3517.0,36.0,2,7
1758.0,119.11,0,2
995.0,64.8,2,8
71.0,118.84,0,4
0.0,119.0,0,2
332.0,19.0,2,6
310.0,119.0,2,4
1158.0,19.0,2,4
1437.0,118.58,0,2
176.0,119.0,2,2
14528.0,172.33,2,2
196.0,62.58,2,2
37.0,143.0,2,3
3553.0,119.0,2,2
2783.0,62.58,2,2
3306.0,64.8,0,6
726.0,62.58,2,7
1435.0,147.0,0,4
5777.0,14.25,0,4
265.0,142.88,1,3
7568.0,64.8,0,4
104.0,35.0,1,3
25903.0,79.42,2,1
4.0,147.11,2,3
1540.0,129.6,0,6
947.0,14.25,2,2
591.0,62.58,2,3
531.0,178.59,1,2
11.0,62.58,2,2
352.0,119.39,0,3
54761.0,120.59,2,3
1565.0,145.21,1,1
1161.0,62.58,2,4
5330.0,34.2,2,2
205.0,77.3,2,4
5292.0,25.65,2,2
1278.0,62.58,2,7
191.0,62.58,2,2
993.0,146.37,1,4
523.0,119.0,0,3
20.0,119.0,0,2
35.0,119.0,0,8
214.0,119.0,0,7
105.0,8.0,2,2
0.0,62.58,2,7
6.0,119.0,2,2
45.0,146.2,1,3
227.0,130.0,0,8
2288.0,142.82,2,4
298.0,119.0,2,2
564.0,138.0,2,2
99.0,118.68,2,7
3999.0,143.0,2,1
765.0,119.0,0,7
6655.0,119.0,2,7
950.0,22.61,2,4
437.0,119.36,0,3
113.0,62.58,2,3
3191.0,62.57,2,7
5889.0,62.58,2,2
1055.0,119.0,0,3
433.0,14.25,2,5
690.0,119.0,2,4
192.0,119.0,2,8
4.0,155.96,0,6
2865.0,62.58,2,7
3602.0,19.0,2,3
238.0,19.0,2,7
687.0,62.58,2,7
1364.0,62.58,2,2
3993.0,119.0,0,4
1183.0,119.0,2,1
676.0,25.65,2,3
257.0,119.4,1,8
667.0,62.58,2,4
5088.0,19.0,2,2
1035.0,62.58,2,4
321.0,62.58,2,4
1783.0,63.63,2,6
14128.0,23.37,2,1
1517.0,78.87,2,4
658.0,62.57,2,8
2322.0,64.8,2,4
776.0,146.58,2,7
1068.0,14.25,2,2
1162.0,265.04,2,1
431.0,62.58,2,4
339.0,62.58,2,7
1823.0,119.44,2,7
335.0,36.0,2,2
489.0,62.58,2,8
8666.0,34.77,1,7
190.0,118.66,0,4
2984.0,119.0,2,2
747.0,218.0,2,4
3208.0,0.0,2,8
11873.0,151.16,2,2
1034.0,119.0,2,2
160.0,119.0,1,4
5627.0,62.58,2,3
3954.0,154.08,2,7
210.0,62.58,2,3
592.0,138.68,0,7
711.0,19.0,2,6
33.0,36.0,2,3
254.0,62.58,2,7
29.0,119.0,0,4
113.0,143.25,1,4
627.0,72.57,2,4
4423.0,62.57,2,4
575.0,119.0,0,2
539.0,72.52,2,3
621.0,119.0,2,3
1327.0,62.58,2,4
2245.0,62.58,2,1
1644.0,119.0,2,6
40.0,119.0,0,6
2689.0,119.0,2,3
632.0,174.0,0,4
1102.0,119.0,0,7
6627.0,62.58,2,1
12.0,36.0,2,4
4931.0,64.8,2,8
918.0,62.58,2,2
148.0,137.66,0,3
1171.0,62.58,2,7
5348.0,119.0,0,4
2583.0,62.58,2,2
5021.0,62.58,2,4
39.0,119.0,2,4
1034.0,180.07,1,3
2.0,119.0,0,5
449.0,19.0,2,7
285.0,19.0,2,1
3418.0,87.47,1,6
564.0,144.11,1,6
164.0,119.0,0,6
76.0,16.15,2,5
43972.0,46.36,2,2
3247.0,64.8,2,1
648.0,34.2,2,3
1149.0,119.0,0,3
4810.0,62.57,2,3
420.0,119.0,2,3
1.0,62.58,0,5
94.0,119.0,0,8
181.0,119.0,0,3
992.0,119.0,2,4
1781.0,119.0,2,1
75.0,19.0,1,8
3980.0,64.8,2,7
215.0,62.58,2,2
67.0,142.05,1,3
4957.0,62.58,2,7
310.0,119.0,2,4
349.0,119.0,2,7
1124.0,209.8,1,1
117.0,118.61,0,3
45.0,144.18,1,4
1511.0,62.58,2,6
3096.0,119.0,2,4
369.0,62.22,2,4
980.0,17.1,2,7
1921.0,62.58,2,2
3383.0,72.57,2,7
1222.0,62.58,1,3
408.0,121.0,2,6
34.0,62.58,2,7
803.0,61.2,2,2
3491.0,119.0,2,4
1459.0,97.87,2,2
13.0,118.46,0,6
1464.0,77.07,1,7
4177.0,143.33,1,3
353.0,118.84,2,4
5461.0,161.8,2,6
280.0,146.44,1,1
3131.0,119.0,2,6
1036.0,119.0,0,8
356.0,138.64,1,4
153.0,118.58,0,4
475.0,63.0,0,3
163.0,119.0,0,4
866.0,119.0,2,6
1407.0,119.07,0,3
281.0,118.34,2,6
283.0,43.66,1,8
56.0,119.0,2,7
697.0,141.31,1,4
126132.0,119.0,2,3
13.0,118.44,2,4
1740.0,62.58,2,1
6299.0,123.56,2,8
15051.0,119.0,2,8
5807.0,62.58,1,3
2636.0,33.05,1,4
5015.0,145.75,1,2
903.0,118.58,0,4
384.0,62.58,2,2
24.0,119.0,0,5
13431.0,64.8,2,3
1176.0,119.0,0,1
65.0,184.44,2,3
352.0,36.0,0,4
1002.0,174.0,0,4
3597.0,143.99,1,3
936.0,118.97,0,7
131.0,143.99,1,4
858.0,64.4,2,7
599.0,119.0,0,3
1854.0,30.6,2,4
4337.0,104.61,1,7
334.0,14.25,2,2
1979.0,25.65,2,1
1687.0,145.92,1,7
1425.0,62.58,2,2
229.0,75.19,2,4
373.0,36.0,2,7
210.0,72.57,2,3
274.0,62.58,2,2
312.0,62.58,2,5
464.0,62.58,2,6
120.0,62.58,2,8
717.0,142.0,1,7
1060.0,62.58,2,4
358.0,119.0,2,6
3012.0,34.2,2,7
19415.0,202.72,0,4
356.0,62.58,2,7
474.0,144.53,1,7
517.0,119.0,0,8
1289.0,36.0,2,4
358.0,119.0,0,6
60.0,36.0,0,7
2087.0,14.25,2,6
520.0,156.0,2,7
3378.0,119.0,0,7
109.0,62.58,2,4
1040.0,62.58,2,2
16.0,118.58,0,8
486.0,119.0,2,3
1399.0,84.96,2,4
193.0,119.0,2,4
391.0,118.57,0,4
220.0,121.0,2,1
14.0,119.0,0,1
173.0,119.0,0,7
156.0,138.63,0,7
1400.0,36.0,0,4
445.0,119.05,0,3
41.0,118.79,0,3
507.0,119.26,0,3
462.0,62.58,2,2
2165.0,119.0,0,7
298.0,62.58,2,7
52.0,119.28,0,4
10842.0,62.68,0,6
1032.0,96.99,2,7
2725.0,36.0,2,8
609.0,118.89,2,2
1749.0,121.46,2,1
38.0,119.0,0,3
445.0,144.01,1,6
1450.0,19.0,2,2
458.0,119.0,2,3
1784.0,62.58,2,3
266.0,149.99,0,6
1496.0,138.0,2,1
1371.0,62.58,2,6
199.0,119.0,0,4
4401.0,143.2,2,1
4281.0,65.9,2,2
1117.0,182.78,1,6
168.0,143.05,1,2
424.0,62.58,0,7
1116.0,153.08,0,3
1365.0,119.33,0,4
400.0,62.58,2,7
21174.0,21.81,2,2
24.0,119.28,0,1
104.0,62.58,2,1
914.0,119.0,2,6
453.0,141.57,2,8
1030.0,62.58,2,4
1563.0,62.57,2,1
1424.0,62.57,1,1
975.0,146.13,2,7
1681.0,34.2,2,7
385.0,142.33,1,7
3459.0,23.37,1,8
12927.0,180.71,1,8
5993.0,34.2,2,2
16008.0,141.27,1,8
580.0,62.56,2,1
18.0,43.77,1,3
220.0,43.2,1,7
412.0,119.0,2,7
2853.0,62.58,2,4
706.0,62.57,2,3
674.0,62.58,2,4
1922.0,19.0,2,3
595.0,119.0,2,8
659.0,119.0,2,3
398.0,119.0,0,3
1365.0,48.6,0,8
172.0,119.0,0,2
8647.0,287.68,1,2
206.0,164.0,2,7
325.0,62.58,2,7
168.0,118.97,0,1
2395.0,118.78,0,3
2867.0,74.47,1,8
363.0,74.47,1,7
185.0,138.01,0,7
7.0,19.0,2,3
975.0,62.58,2,7
238.0,119.0,0,2
652.0,142.56,2,1
1122.0,119.0,0,4
482.0,118.42,1,8
8.0,130.0,0,1
319.0,62.57,2,1
121.0,62.58,2,4
11725.0,119.0,2,2
185.0,118.62,1,8
9481.0,143.93,1,8
785.0,19.0,2,7
194.0,172.71,0,1
5255.0,118.79,0,3
216.0,62.58,2,4
1153.0,119.0,2,3
1136.0,91.5,2,1
2722.0,34.2,2,7
1385.0,62.58,2,7
1729.0,62.58,2,2
201.0,119.0,2,8
988.0,96.99,2,7
909.0,240.0,1,7
704.0,68.36,2,4
1472.0,174.79,0,2
1414.0,119.0,0,1
1844.0,78.87,2,7
2349.0,63.63,2,4
1735.0,62.58,2,2
186.0,149.99,0,7
82.0,118.93,0,5
1132.0,113.04,1,7
848.0,91.5,2,1
885.0,50.18,1,1
1314.0,36.0,2,6
1197.0,142.69,1,5
5361.0,125.3,1,3
173.0,62.58,2,3
437.0,143.95,1,3
626.0,143.25,1,7
415.0,19.0,2,7
479.0,119.0,0,3
1064.0,119.0,2,8
70.0,119.0,0,8
3957.0,118.58,0,6
899.0,119.0,2,2
1078.0,62.58,2,2
4936.0,119.24,0,2
844.0,174.0,0,5
197.0,97.0,0,8
141.0,119.0,0,4
1231.0,119.0,0,7
2303.0,62.58,2,7
3104.0,50.32,2,7
748.0,64.8,0,7
2865.0,64.8,2,1
1428.0,36.0,0,8
2574.0,62.58,2,7
198.0,19.0,2,3
3541.0,93.56,0,2
238.0,19.0,2,1
4032.0,64.8,2,4
213.0,62.58,2,7
467.0,34.2,2,3
286.0,141.19,1,3
855.0,119.0,0,3
388.0,62.58,2,3
60.0,119.36,0,2
358.0,142.82,2,3
1765.0,119.0,2,7
1906.0,62.58,2,1
1533.0,141.64,1,1
3859.0,35.91,2,1
42.0,143.28,1,8
0.0,348.0,2,1
84.0,149.51,1,7
1005.0,62.58,2,8
1461.0,62.58,2,1
303.0,246.0,2,8
415.0,119.0,0,3
12.0,143.0,0,1
817.0,119.0,0,8
1135.0,80.3,2,7
458.0,43.4,1,8
12279.0,78.88,2,3
599.0,64.8,0,8
2366.0,119.0,0,4
1784.0,62.58,2,2
1253.0,62.58,2,4
393.0,119.01,1,1
433.0,119.0,2,4
1964.0,166.35,1,2
2108.0,119.37,0,7
830.0,119.0,2,1
226.0,72.57,2,8
29768.0,44.65,2,2
208.0,142.27,1,4
251.0,62.57,2,6
379.0,19.0,2,3
996.0,36.0,2,8
252.0,62.58,2,4
34.0,118.82,0,4
1.0,119.0,0,6
6063.0,34.21,2,4
409.0,62.58,2,2
512.0,119.0,2,7
255.0,174.0,0,7
1503.0,118.71,0,7
645.0,19.0,2,6
171.0,118.84,0,1
812.0,119.0,0,3
334.0,25.2,2,4
112.0,119.34,2,3
208.0,119.0,2,5
654.0,142.14,1,3
1.0,174.11,2,3
484.0,142.82,2,2
499.0,144.25,1,2
3499.0,19.0,2,7
4.0,118.4,0,3
1111.0,14.25,2,4
528.0,62.58,2,5
7548.0,34.2,2,7
399.0,119.0,2,4
4249.0,119.25,0,3
1191.0,151.22,2,2
110.0,119.0,2,3
694.0,62.58,2,1
574.0,62.58,2,7
3160.0,134.88,0,4
207.0,62.58,2,7
249.0,62.58,2,3
1871.0,62.58,2,6
416.0,138.65,0,1
153.0,149.16,1,6
1496.0,143.71,1,4
286.0,118.97,2,4
92.0,119.34,0,4
88.0,119.0,0,3
1417.0,218.0,0,4
253.0,142.29,1,7
1227.0,119.0,0,7
134.0,62.58,2,7
3.0,119.0,0,3
3038.0,27.0,0,8
2730.0,62.57,2,4
109.0,119.34,0,4
1399.0,62.58,2,7
254.0,119.42,2,1
278.0,181.39,1,1
30.0,1.0,2,8
618.0,119.0,2,6
1230.0,172.78,0,3
42.0,62.57,2,3
27485.0,179.82,0,1
146.0,156.0,2,3
105.0,119.0,2,6
780.0,119.0,0,3
2892.0,120.39,0,1
6013.0,119.15,0,4
248.0,144.39,1,6
411.0,118.58,2,4
10.0,141.87,1,4
47.0,119.0,0,8
1777.0,217.23,0,6
462.0,146.68,2,3
859.0,62.58,2,4
7870.0,28.5,2,7
93.0,119.0,0,3
723.0,119.0,2,3
348.0,49.74,1,1
4.0,62.58,2,1
253.0,119.0,2,3
1040.0,142.8,1,7
878.0,141.55,1,3
3.0,119.0,2,7
30.0,0.0,2,2
1915.0,36.0,2,7
2655.0,25.65,2,1
2099.0,142.21,1,7
43.0,184.44,2,1
224.0,119.0,0,4
28.0,75.2,2,2
7587.0,91.8,2,7
1395.0,62.58,2,7
985.0,19.0,2,7
592.0,184.44,0,1
0.0,119.0,0,3
384.0,118.61,0,3
8.0,62.58,2,6
232.0,27.0,2,1
426.0,119.0,2,3
706.0,149.99,0,2
6643.0,118.86,2,4
835.0,118.97,0,3
15.0,119.0,0,7
178.0,51.0,2,3
295.0,62.58,2,4
291.0,62.58,2,6
4033.0,64.8,0,1
531.0,119.0,0,4
1207.0,119.0,2,3
921.0,119.0,0,1
562.0,62.58,2,4
389.0,62.58,2,2
1.0,63.63,0,1
346.0,141.17,2,2
402.0,119.0,0,3
41.0,118.43,0,1
257.0,42.96,1,1
615.0,119.02,2,1
40.0,119.0,0,3
696.0,36.0,0,3
478.0,119.0,0,3
26.0,97.12,2,3
23.0,119.0,0,8
8262.0,62.58,2,1
1.0,62.58,2,1
345.0,138.0,2,1
66.0,119.0,2,8
158.0,197.87,2,7
628.0,62.58,2,2
512.0,27.0,2,4
472.0,141.64,1,3
222.0,119.0,0,1
382.0,62.58,2,2
2034.0,62.58,2,3
2032.0,141.64,2,6
920.0,62.58,2,6
41.0,118.76,0,1
388.0,62.58,2,7
435.0,119.0,0,3
582.0,48.6,0,7
183.0,119.0,0,4
152.0,119.3,0,4
1233.0,119.0,2,6
74.0,119.0,2,7
323.0,119.0,0,4
99.0,96.44,1,1
363.0,119.0,2,2
1038.0,142.94,1,3
3.0,199.49,0,1
841.0,62.58,2,4
294.0,146.87,2,1
2184.0,62.58,2,8
1823.0,62.58,2,1
174.0,62.58,2,3
465.0,119.0,0,3
296.0,62.58,2,1
882.0,119.0,2,4
2213.0,185.99,2,7
512.0,62.58,2,8
4573.0,179.7,1,7
4583.0,119.05,2,6
173.0,118.49,0,4
1199.0,72.57,2,4
367.0,150.68,2,2
360.0,62.58,2,5
55.0,142.52,1,3
222.0,62.58,2,5
516.0,164.0,2,8
49.0,119.34,0,1
31.0,119.0,0,1
449.0,215.76,0,7
70.0,141.16,2,2
160.0,62.58,2,6
1.0,62.58,0,4
1102.0,119.0,0,1
121.0,119.0,0,3
719.0,119.0,2,3
2441.0,27.0,2,7
183.0,62.58,2,4
4592.0,62.57,2,4
1342.0,62.58,2,3
1294.0,148.9,1,8
94.0,119.0,2,4
524.0,146.86,1,3
477.0,118.77,0,1
967.0,119.0,1,8
131.0,119.0,2,3
1143.0,62.58,2,1
43.0,62.58,2,6
1972.0,119.0,2,3
375.0,119.0,0,1
264.0,119.0,2,3
161.0,119.0,2,2
1409.0,119.0,0,3
187.0,118.58,0,3
31.0,119.0,2,3
982.0,119.0,2,4
5.0,62.58,2,6
4.0,119.0,2,1
26.0,119.0,0,4
103.0,119.0,2,2
300.0,119.0,2,7
1079.0,144.54,1,8
2626.0,119.0,2,4
132.0,62.58,2,6
1.0,143.46,1,6
890.0,71.89,0,1
6781.0,119.0,0,3
1082.0,141.88,1,8
3823.0,119.0,0,3
552.0,119.0,2,3
1659.0,62.58,0,2
66.0,62.58,2,7
21.0,119.0,2,3
486.0,62.58,2,7
8181.0,93.55,0,4
894.0,119.0,2,7
182.0,119.0,2,4
203.0,141.72,1,8
1149.0,119.43,0,2
157.0,119.1,0,1
648.0,75.2,2,7
387.0,119.0,2,7
113.0,119.0,0,7
0.0,62.57,2,6
1.0,119.07,2,8
15.0,119.38,2,8
1753.0,24.69,2,1
0.0,119.0,0,6
69.0,62.58,2,3
417.0,119.0,0,3
135.0,118.34,0,7
231.0,118.34,0,4
2065.0,62.63,2,1
974.0,251.4,1,3
2327.0,62.58,2,1
57.0,142.86,2,7
0.0,119.0,2,2
503.0,119.0,0,8
83.0,119.0,2,2
1118.0,119.05,1,7
1880.0,147.52,2,7
0.0,119.0,2,1
0.0,119.0,2,1
0.0,62.58,1,7
348.0,119.0,0,3
54.0,62.58,2,4
2559.0,119.0,2,8
74.0,119.02,1,1
1602.0,119.0,2,1
8095.0,62.57,2,1
224.0,62.58,2,1
249.0,118.61,0,7
68.0,119.0,2,4
3015.0,266.03,2,3
199.0,119.0,0,6
787.0,62.33,0,7
932.0,119.14,0,8
286.0,119.0,0,3
161.0,119.0,0,1
315.0,119.0,0,4
1978.0,119.02,1,1
966.0,62.58,2,3
49.0,62.58,2,4
2317.0,119.0,0,7
54.0,62.58,2,1
0.0,118.97,0,1
98.0,119.0,2,1
3098.0,62.58,2,1
293.0,62.58,2,6
767.0,146.4,1,8
92.0,62.56,0,7
9.0,62.58,2,7
37.0,119.0,2,1
2383.0,119.0,2,3
2199.0,119.0,2,3
1599.0,119.0,2,1
54.0,62.58,2,4
651.0,119.0,2,7
1583.0,62.58,2,4
3801.0,238.12,0,1
433.0,62.58,2,3
8.0,119.0,0,4
1723.0,147.22,2,1
1183.0,118.97,0,3
24.0,119.0,0,4
50.0,146.4,0,3
0.0,142.82,1,6
638.0,119.0,2,4
1591.0,62.58,2,7
1451.0,160.0,0,3
139.0,118.97,0,8
1165.0,62.58,2,1
44.0,118.97,0,4
249.0,119.0,0,3
1.0,119.0,0,4
180.0,119.0,0,3
4.0,119.0,0,4
22.0,119.0,0,4
5.0,62.58,2,4
179.0,119.0,2,4
78.0,215.76,2,7
0.0,119.0,2,7
326.0,144.01,1,7
16.0,49.33,0,1
64.0,119.0,2,6
1.0,119.0,2,4
288.0,119.0,2,3
601.0,119.0,2,4
680.0,142.82,1,3
233.0,119.0,0,8
5.0,141.64,1,4
897.0,119.02,2,7
726.0,62.58,2,1
112.0,119.0,2,7
73.0,119.0,2,3
10111.0,118.99,0,6
68.0,119.0,0,1
321.0,149.05,1,3
1711.0,118.78,0,4
679.0,62.58,2,2
0.0,118.8,0,1
845.0,119.0,0,6
27.0,147.11,2,6
169.0,218.01,0,7
0.0,119.0,0,2
215.0,119.0,0,4
371.0,62.58,2,7
235.0,119.0,0,4
1851.0,62.51,2,6
7.0,119.0,0,3
0.0,119.0,0,3
1186.0,119.34,0,7
105.0,142.8,2,3
2354.0,119.0,2,7
130.0,119.0,0,4
3471.0,119.44,1,8
1.0,119.0,2,7
313.0,119.0,2,6
0.0,215.73,2,7
99.0,119.0,2,8
63.0,119.0,0,1
0.0,62.58,2,2
0.0,119.0,0,3
1173.0,62.53,2,4
227.0,118.56,1,7
541.0,62.58,2,7
500.0,62.58,2,7
0.0,119.0,0,6
280.0,62.58,2,3
141.0,119.0,2,2
1161.0,62.58,2,3
138.0,62.58,2,7
538.0,62.58,2,7
36.0,119.0,2,2
0.0,62.58,2,2
5053.0,118.46,0,3
56.0,119.44,2,3
296.0,62.58,2,3
633.0,62.58,2,4
1123.0,118.46,1,1
1.0,145.66,2,6
207.0,62.59,2,2
2927.0,62.58,2,7
50.0,119.0,1,7
215.0,143.53,1,4
1228.0,143.28,2,6
0.0,62.58,2,1
1547.0,118.53,0,1
1.0,146.86,1,7
43.0,118.86,0,7
0.0,119.0,0,3
0.0,143.53,1,1
129.0,62.58,2,1
286.0,62.58,2,6
1884.0,146.08,1,1
451.0,62.58,2,2
0.0,148.47,1,7
197.0,62.58,2,7
242.0,62.58,2,1
873.0,62.57,2,1
49.0,119.0,0,1
207.0,62.58,2,3
3112.0,119.0,2,4
16.0,62.58,2,4
2541.0,75.2,2,7
55.0,119.0,2,1
1673.0,119.0,0,1
36.0,119.0,0,1
0.0,181.58,0,8
793.0,119.0,0,1
225.0,119.0,2,4
1569.0,119.0,2,1
187.0,119.0,0,1
107.0,119.0,2,3
200.0,119.0,0,4
899.0,62.58,1,4
1697.0,119.0,0,3
884.0,145.07,1,7
152.0,145.74,1,4
64.0,119.0,0,3
285.0,49.63,0,1
439.0,119.0,0,7
1503.0,62.55,2,7
21.0,119.0,0,6
732.0,141.23,1,1
3124.0,25.65,2,7
5906.0,119.0,2,7
4.0,119.0,0,4
0.0,142.58,1,6
866.0,119.0,0,4
1258.0,118.58,0,4
153.0,119.0,0,8
1566.0,119.0,0,3
1384.0,56.97,2,7
367.0,62.58,2,7
1054.0,119.0,0,3
2431.0,141.64,0,8
535.0,62.58,2,4
565.0,118.75,0,7
2.0,62.58,2,1
80.0,144.43,1,4
41.0,62.58,2,6
32.0,62.58,2,7
309.0,62.58,2,1
493.0,119.0,2,3
13.0,119.0,0,1
3787.0,62.58,2,8
1284.0,119.0,0,1
50.0,119.0,0,1
18.0,119.0,0,7
151.0,62.58,2,4
0.0,62.43,2,8
75.0,348.0,0,1
10506.0,119.0,0,3
3522.0,222.0,0,8
0.0,118.53,0,7
0.0,214.92,0,7
28.0,118.96,0,1
14.0,128.46,2,1
259.0,62.58,0,4
13.0,119.0,0,3
1428.0,118.88,0,2
867.0,62.58,2,1
7.0,62.58,2,7
3051.0,62.58,2,4
1014.0,62.58,2,1
49.0,62.58,2,2
32.0,62.58,2,4
19.0,62.58,2,3
3.0,62.58,2,6
2457.0,62.58,2,3
3821.0,119.0,0,3
879.0,62.74,2,1
5.0,119.22,2,7
638.0,119.0,2,4
135.0,218.24,0,1
83.0,62.58,2,7
1254.0,62.58,2,7
83.0,119.0,0,2
1469.0,62.58,2,7
1867.0,62.58,2,1
499.0,138.0,0,4
0.0,119.0,0,3
1067.0,119.0,0,3
26.0,119.0,0,3
982.0,218.36,0,3
252.0,119.0,2,4
604.0,62.58,0,1
88.0,145.14,1,8
267.0,62.58,2,7
1367.0,62.58,2,2
1088.0,119.0,2,1
313.0,141.57,1,1
393.0,119.0,2,7
7.0,29.9,2,4
78.0,72.57,2,1
159.0,173.88,2,3
5851.0,34.2,2,4
317.0,58.83,1,3
21.0,29.9,2,5
1436.0,36.0,0,7
247.0,174.0,0,7
19.0,174.0,0,3
0.0,175.77,1,3
184.0,96.99,0,3
429.0,173.53,0,8
641.0,36.0,2,4
34.0,49.5,2,4
1394.0,119.0,2,7
1560.0,146.86,0,3
113.0,25.65,2,1
75.0,30.04,0,3
2690.0,25.65,2,7
96.0,207.2,1,6
550.0,74.86,1,2
0.0,174.0,2,3
1961.0,96.99,2,7
430.0,63.63,2,7
8480.0,161.8,2,3
36.0,174.0,0,3
149.0,174.0,0,1
1422.0,64.8,2,3
1153.0,68.15,2,1
203.0,167.73,1,4
0.0,172.78,0,8
1945.0,304.72,1,7
36.0,321.97,0,2
3225.0,64.8,0,8
2186.0,96.99,2,1
4.0,136.02,2,8
29771.0,59.04,2,7
6.0,184.44,0,3
190.0,174.0,0,1
2.0,36.0,0,7
1205.0,91.5,2,2
146.0,183.5,0,3
170.0,36.0,2,8
316.0,293.44,1,4
584.0,216.86,0,7
12584.0,48.6,2,3
638.0,164.0,2,5
333.0,19.0,2,8
969.0,137.98,0,1
1276.0,174.0,2,4
822.0,183.37,0,1
94.0,97.0,2,8
69.0,172.78,0,3
6938.0,183.09,1,7
442.0,36.0,2,1
15260.0,35.7,2,3
7.0,219.14,1,4
656.0,219.14,1,3
12552.0,36.0,0,4
1249.0,97.14,1,1
473.0,207.34,1,1
1017.0,174.73,0,6
76.0,44.68,2,1
10.0,348.0,0,8
175.0,36.0,0,3
0.0,138.0,0,4
128.0,184.44,0,3
378.0,72.0,0,3
78.0,96.99,2,3
8727.0,97.0,0,1
1191.0,145.2,1,3
136.0,290.84,1,8
566.0,184.44,0,8
2393.0,36.0,0,7
1917.0,184.44,0,7
416.0,36.0,2,4
522.0,19.0,2,3
141.0,143.99,1,1
600.0,174.0,2,3
2395.0,63.63,2,6
71.0,206.5,1,6
6194.0,183.98,0,7
1419.0,210.54,1,3
784.0,96.98,2,1
18048.0,36.0,2,3
10244.0,91.5,2,8
47.0,138.0,0,7
1769.0,27.0,2,4
385.0,97.0,2,3
1580.0,315.12,0,2
1073.0,36.0,2,5
798.0,64.8,2,3
22438.0,303.44,2,4
69.0,348.0,2,4
1373.0,64.58,0,3
72.0,138.0,2,3
1018.0,239.43,0,4
155.0,130.0,0,1
245.0,143.0,0,1
390.0,184.44,0,3
3324.0,71.75,0,6
471.0,72.57,2,3
537.0,19.0,2,3
171.0,99.0,0,1
37.0,52.06,0,4
654.0,173.99,0,3
0.0,99.0,0,8
383.0,183.95,0,3
86.0,173.76,0,3
344.0,97.0,0,1
401.0,99.0,2,7
1332.0,91.5,2,2
3220.0,207.35,1,1
127.0,130.0,0,6
989.0,184.43,0,3
1927.0,19.0,2,7
4.0,149.99,0,1
128.0,138.0,1,3
306.0,174.0,0,3
1610.0,64.8,0,8
412.0,159.54,0,8
804.0,211.71,1,1
403.0,239.96,0,1
6999.0,190.8,2,1
63.0,294.0,0,1
548.0,91.8,2,3
2172.0,348.0,1,3
5057.0,272.22,1,1
1120.0,147.0,2,8
3187.0,36.0,0,3
355.0,62.22,2,1
99.0,51.0,2,1
2679.0,97.0,2,4
6174.0,184.44,2,3
169.0,93.72,0,3
1565.0,99.01,0,1
4094.0,66.0,1,6
111.0,27.0,0,3
408.0,49.6,0,4
240.0,77.31,2,7
146.0,33.31,1,6
2339.0,174.0,2,3
0.0,348.0,0,1
165.0,174.54,2,3
1396.0,174.6,0,1
734.0,26.99,0,3
1256.0,19.0,2,1
0.0,173.41,0,4
307.0,19.0,2,1
426.0,215.88,0,3
101.0,173.54,0,1
11929.0,18.0,2,3
341.0,97.36,0,3
0.0,91.5,2,1
1168.0,14.25,2,1
1989.0,25.65,0,1
78.0,85.93,1,3
9438.0,19.0,2,7
3490.0,134.89,0,6
471.0,174.0,0,3
310.0,174.0,0,3
589.0,206.94,1,8
305.0,77.3,2,2
263.0,215.13,2,3
440.0,36.0,2,3
49.0,27.0,0,3
452.0,72.04,0,2
62.0,174.0,0,3
3953.0,232.06,2,1
2971.0,174.0,2,3
11.0,56.9,2,3
85.0,96.99,1,7
374.0,208.67,1,3
2803.0,93.39,0,3
260.0,36.0,2,3
107.0,147.0,2,4
10.0,36.0,2,3
919.0,48.6,2,3
262.0,174.98,0,3
480.0,164.0,2,7
1082.0,174.0,0,3
1035.0,148.83,2,3
199.0,184.44,0,3
22.0,401.78,2,5
322.0,62.22,2,3
132.0,348.0,0,8
26.0,19.0,2,3
2186.0,34.2,2,1
618.0,174.0,0,7
216.0,138.0,0,7
679.0,44.37,2,1
121.0,184.44,0,3
4.0,184.44,0,3
581.0,174.6,0,3
681.0,170.05,1,4
4735.0,167.75,2,3
1840.0,72.57,2,3
0.0,184.44,1,3
765.0,129.6,2,1
650.0,209.12,1,3
1413.0,48.6,0,1
76.0,194.86,1,3
370.0,240.0,0,3
40.0,149.99,2,3
748.0,208.66,1,1
260.0,240.0,0,3
45.0,185.12,0,3
76.0,36.0,0,3
1507.0,48.6,2,1
644.0,19.0,2,7
150.0,36.0,2,4
363.0,138.64,1,2
225.0,240.0,2,3
38845.0,64.8,2,4
11332.0,14.25,2,7
156.0,19.0,2,3
0.0,77.3,0,4
6441.0,176.79,2,3
2484.0,65.37,1,2
116.0,240.0,0,8
6445.0,64.8,0,3
188.0,19.0,2,7
360.0,43.2,1,4
94.0,91.5,2,3
5592.0,19.0,2,3
4407.0,77.4,2,7
1601.0,174.0,0,1
109.0,239.99,2,3
848.0,119.0,2,6
2004.0,184.44,0,7
11.0,178.99,0,3
4.0,348.0,2,1
106.0,174.0,2,8
143.0,184.44,0,8
3005.0,150.04,2,8
226.0,32.21,1,3
1837.0,96.99,2,3
958.0,176.66,1,3
100.0,137.51,2,6
1634.0,327.61,1,6
1827.0,96.99,2,1
803.0,174.79,2,3
173.0,16.15,2,7
75.0,179.73,1,7
0.0,29.0,0,3
520.0,27.0,0,3
226.0,174.0,0,3
1920.0,72.57,2,3
99.0,164.0,2,4
515.0,184.44,0,3
2739.0,184.44,0,3
135.0,19.0,2,3
1289.0,214.79,0,3
5001.0,143.35,1,7
378.0,138.58,1,2
692.0,171.94,1,2
405.0,72.57,2,2
7886.0,274.8,0,1
74.0,138.19,0,7
362.0,213.22,1,1
1924.0,293.0,2,7
953.0,34.2,1,6
2551.0,348.0,2,4
11060.0,59.04,2,4
440.0,68.15,2,3
340.0,130.0,0,1
232.0,138.0,0,3
26.0,138.0,0,7
1043.0,84.14,2,6
74.0,169.41,0,3
1159.0,164.0,2,1
1604.0,25.65,2,1
3014.0,64.8,2,4
137.0,138.28,0,3
1152.0,72.57,2,6
19.0,138.0,0,2
2995.0,138.0,2,8
1521.0,19.0,2,3
435.0,138.13,0,8
272.0,138.0,0,1
292.0,149.99,2,2
373.0,138.0,0,1
32.0,72.57,1,7
0.0,163.66,1,4
1138.0,138.0,0,3
2.0,143.0,0,1
5724.0,138.0,0,4
170.0,138.01,0,4
109.0,138.0,2,1
30.0,237.15,2,4
0.0,138.0,0,4
605.0,138.33,0,4
161.0,138.0,2,6
484.0,72.57,2,8
1014.0,75.2,2,3
99.0,72.57,2,3
271.0,143.0,0,3
32.0,138.83,0,4
259.0,138.0,0,6
777.0,138.0,0,3
418.0,137.74,2,3
1477.0,138.0,0,4
839.0,72.57,2,4
26.0,72.57,2,1
18.0,164.96,1,4
4053.0,138.0,0,3
1316.0,137.97,0,3
46.0,138.0,0,3
630.0,138.0,0,3
11.0,138.0,0,1
601.0,138.0,0,4
779.0,72.57,2,4
77.0,138.0,0,4
939.0,138.0,0,3
196.0,138.0,2,1
2.0,138.0,0,4
52.0,138.0,0,8
256.0,138.0,2,4
4.0,72.55,2,1
432.0,138.0,0,3
3446.0,64.8,2,3
2248.0,97.02,2,7
29.0,137.99,0,2
219.0,138.66,2,1
34.0,72.57,2,3
1.0,138.0,2,4
702.0,72.57,2,4
103.0,72.57,2,1
775.0,138.0,0,7
217.0,75.2,2,3
34.0,142.9,0,3
137.0,149.99,0,8
3263.0,143.77,2,2
125.0,143.0,0,8
1757.0,121.0,0,8
6.0,143.0,0,3
45.0,143.0,0,8
4.0,78.87,2,1
2536.0,184.27,0,7
0.0,75.2,2,7
2.0,178.99,1,3
2406.0,19.0,2,3
91.0,174.87,1,1
79.0,143.0,0,1
5940.0,77.3,2,1
119.0,151.0,0,3
167.0,143.0,2,1
328.0,143.0,0,3
487.0,143.0,2,3
1180.0,174.34,1,6
896.0,143.0,2,2
5401.0,75.2,2,2
228.0,164.0,2,8
3989.0,36.0,0,7
75.0,147.0,0,3
3455.0,99.01,0,8
0.0,146.48,2,1
22.0,147.0,0,2
527.0,77.3,2,3
0.0,76.94,2,4
31.0,77.3,2,7
308.0,183.97,1,3
59.0,36.0,0,3
1348.0,146.96,2,3
0.0,147.0,0,3
627.0,151.0,0,8
19.0,79.41,2,3
534.0,147.0,0,8
197.0,82.04,2,6
417.0,183.35,1,4
0.0,146.58,2,4
887.0,146.78,0,7
1951.0,19.0,2,7
2302.0,147.0,0,4
51.0,151.0,2,3
40.0,36.0,0,8
623.0,151.0,2,1
28.0,151.0,2,4
0.0,79.4,2,6
349.0,79.4,2,3
355.0,19.0,2,4
277.0,19.0,2,6
83.0,79.4,2,7
808.0,79.4,2,7
31.0,79.41,2,1
49.0,49.53,0,4
160.0,36.0,0,3
484.0,78.54,1,6
360.0,79.41,2,8
3908.0,62.22,2,4
669.0,79.41,2,4
11.0,19.0,2,1
1540.0,151.0,2,3
2193.0,151.54,0,3
273.0,156.0,0,6
122.0,151.0,0,7
658.0,184.97,1,1
306.0,156.0,0,8
38.0,151.0,0,4
1997.0,151.0,0,3
27.0,151.0,0,3
49.0,151.0,0,7
211.0,150.81,0,1
0.0,151.0,0,8
145.0,79.4,2,5
1464.0,188.15,1,1
302.0,79.41,2,7
0.0,151.0,2,2
1025.0,151.28,0,7
3646.0,151.22,0,3
1423.0,151.0,2,1
12.0,151.4,0,2
5103.0,174.63,0,1
1110.0,82.04,2,6
6.0,163.53,0,1
1612.0,174.37,0,4
60.0,160.0,2,7
1.0,184.85,1,3
1446.0,82.04,2,1
1917.0,156.0,0,3
2485.0,82.04,2,4
326.0,36.0,0,6
492.0,187.97,1,3
66.0,86.24,2,1
1158.0,188.64,1,4
540.0,156.0,0,3
287.0,164.0,0,1
292.0,160.0,0,3
186.0,179.0,1,6
1220.0,64.8,0,8
1776.0,82.03,2,6
605.0,155.64,0,3
2.0,91.5,2,7
173.0,82.04,2,2
11.0,155.72,0,1
304.0,156.0,2,3
96.0,191.89,2,1
599.0,164.0,0,3
157.0,156.45,0,7
483.0,192.22,2,3
444.0,160.17,0,3
81.0,160.0,0,8
1933.0,119.0,2,1
21.0,160.0,2,3
64.0,160.0,0,8
103.0,160.0,0,1
178.0,209.26,0,1
0.0,160.0,2,5
12.0,159.82,0,3
462.0,64.83,0,7
387.0,159.96,2,1
1309.0,84.14,2,8
10590.0,64.8,0,1
0.0,160.0,0,8
723.0,64.8,2,3
258.0,192.0,0,8
0.0,216.4,0,7
181.0,86.24,2,4
213.0,84.14,2,4
1432.0,151.21,0,3
309.0,159.82,0,2
308.0,84.14,2,3
1311.0,163.53,0,7
197.0,86.24,1,3
0.0,49.5,0,1
134.0,164.0,0,3
84.0,86.24,2,7
2667.0,164.0,0,6
113.0,164.0,0,3
46.0,164.0,0,3
18.0,164.0,2,3
36.0,164.0,0,1
191.0,86.24,2,7
214.0,164.0,2,1
3220.0,97.22,0,6
3276.0,174.6,2,1
2680.0,64.8,0,8
294.0,164.0,0,6
8.0,86.24,2,1
12.0,206.23,1,1
78.0,164.0,0,8
2324.0,200.0,0,3
340.0,78.87,2,7
419.0,164.0,0,3
941.0,164.0,0,1
333.0,164.0,0,3
941.0,45.15,1,3
365.0,174.0,0,3
395.0,164.0,0,4
524.0,86.24,2,3
19.0,164.0,0,8
67.0,164.0,0,3
907.0,164.0,0,3
0.0,164.0,0,3
985.0,164.0,2,3
63.0,164.12,0,2
20.0,49.64,0,8
358.0,86.24,2,7
4757.0,202.59,1,1
0.0,164.27,0,3
355.0,164.0,2,4
116.0,164.0,2,1
1823.0,164.64,2,3
0.0,263.0,0,4
4614.0,164.0,2,3
1013.0,64.8,0,3
7940.0,46.36,2,7
1867.0,61.2,0,3
3561.0,91.91,2,7
388.0,173.45,0,1
753.0,174.0,0,6
3175.0,204.61,0,1
2614.0,14.25,2,6
380.0,174.0,2,3
190.0,68.36,2,3
41.0,78.87,2,6
518.0,240.0,0,7
1186.0,91.5,2,6
441.0,91.5,2,6
1149.0,49.39,2,6
209.0,19.0,2,7
24.0,149.57,0,6
2762.0,34.2,2,6
6088.0,174.0,2,1
778.0,62.22,0,1
1018.0,174.6,2,3
12.0,78.87,2,3
945.0,36.0,0,7
138.0,109.8,2,7
2642.0,174.61,0,1
213.0,19.0,2,1
351.0,64.8,2,3
1747.0,34.2,2,3
390.0,36.0,2,3
549.0,43.22,2,4
0.0,199.49,0,8
1167.0,240.0,2,3
0.0,184.44,2,8
78.0,91.5,2,6
4474.0,211.09,0,8
127.0,36.0,0,1
226.0,90.87,2,1
1150.0,97.0,0,3
662.0,174.0,2,8
18.0,49.5,0,8
12.0,174.0,0,3
568.0,121.0,0,2
2223.0,0.0,2,1
1333.0,174.0,2,3
138.0,172.95,0,3
162.0,48.6,0,4
515.0,36.0,0,3
352.0,78.87,2,6
131.0,240.0,0,1
902.0,122.27,0,7
298.0,314.27,0,7
1523.0,174.0,2,3
149.0,184.44,0,8
35.0,91.5,2,1
414.0,211.51,2,3
3300.0,19.0,2,4
296.0,93.57,0,3
247.0,29.0,0,3
1.0,49.33,1,4
643.0,25.65,2,7
749.0,240.0,2,7
6.0,36.0,2,3
383.0,63.63,2,3
3607.0,68.15,2,3
29196.0,467.8,0,7
599.0,19.0,2,1
133.0,19.0,2,1
871.0,36.0,0,8
1629.0,63.0,2,3
1111.0,96.99,2,7
101.0,61.18,1,8
755.0,44.14,1,2
114.0,172.78,0,6
38.0,0.0,2,6
299.0,84.96,0,1
260.0,174.6,2,1
2.0,1.2,2,4
614.0,19.0,2,1
7561.0,36.0,0,1
1790.0,174.0,0,3
554.0,174.0,2,4
780.0,111.34,2,4
400.0,43.34,1,3
560.0,91.5,2,4
120.0,174.0,0,3
97.0,192.37,2,8
2164.0,33.25,2,3
108.0,78.87,2,3
798.0,211.37,1,7
181.0,173.27,2,8
253.0,174.0,2,8
35.0,49.5,0,3
378.0,239.99,2,7
376.0,36.0,0,8
168.0,36.0,0,8
1196.0,91.5,2,6
104.0,174.28,0,1
580.0,36.0,0,8
4276.0,71.7,1,8
4032.0,19.0,2,3
1903.0,91.5,2,1
573.0,36.0,0,3
155.0,130.0,0,2
1500.0,36.0,2,1
3700.0,19.0,2,6
1459.0,93.49,0,3
5545.0,34.2,2,3
247.0,36.04,0,3
8504.0,19.0,2,3
1459.0,91.5,2,3
0.0,4.18,2,4
5.0,184.44,0,3
1377.0,414.0,0,3
40.0,82.04,2,2
347.0,68.36,2,1
631.0,34.22,2,1
0.0,143.99,1,6
393.0,149.99,2,3
123.0,36.0,0,3
203.0,184.91,0,6
42.0,78.88,2,6
643.0,91.5,2,7
266.0,36.0,2,3
365.0,96.99,2,3
33.0,240.0,0,1
333.0,33.24,2,6
574.0,102.04,2,1
437.0,58.81,1,7
230.0,49.5,0,1
1010.0,63.72,0,1
243.0,27.0,0,1
584.0,107.86,0,3
6057.0,80.85,2,7
1727.0,91.49,2,3
1457.0,184.44,2,3
200.0,42.84,1,6
882.0,184.44,0,8
48.0,49.33,0,4
119.0,99.0,0,1
694.0,78.88,2,1
1724.0,174.0,0,6
1599.0,64.8,0,3
301.0,273.45,0,3
9438.0,86.98,2,7
362.0,51.0,2,6
1.0,240.0,2,8
4.0,19.0,1,3
304.0,18.93,2,4
1279.0,36.16,0,1
8941.0,64.8,0,3
696.0,63.63,2,6
104.0,240.0,0,7
1262.0,81.29,1,3
297.0,19.0,1,3
342.0,19.0,2,6
582.0,97.0,2,3
1620.0,34.18,2,3
435.0,51.0,2,3
1955.0,214.82,2,3
52.0,96.99,2,3
534.0,240.0,0,7
61.0,239.51,0,4
875.0,184.44,0,8
643.0,34.2,2,5
295.0,174.4,0,2
0.0,99.0,0,8
7.0,99.0,0,8
989.0,77.11,0,1
64.0,36.0,0,1
883.0,78.88,2,4
264.0,174.24,0,1
428.0,156.0,2,3
607.0,19.0,2,2
193.0,59.18,0,7
116.0,184.44,0,3
3159.0,182.21,1,2
372.0,121.0,2,4
6.0,156.0,0,3
692.0,10.07,2,7
69.0,184.44,2,1
2922.0,184.44,0,3
276.0,10.07,2,1
209.0,119.0,0,4
1263.0,146.41,1,4
9436.0,63.63,2,4
864.0,259.0,0,6
67.0,184.57,0,3
230.0,43.2,2,4
3212.0,19.0,2,4
321.0,19.0,2,1
367.0,43.92,1,4
238.0,19.0,2,1
2962.0,197.87,2,4
739.0,119.0,0,2
413.0,36.0,0,8
69.0,119.0,0,6
20202.0,221.58,1,3
842.0,119.0,0,4
2385.0,122.75,0,6
2842.0,141.61,1,4
670.0,63.63,2,6
23.0,49.49,0,1
1547.0,51.0,2,1
1708.0,156.0,2,4
143.0,96.99,2,3
347.0,119.0,2,1
816.0,119.0,0,4
15.0,121.0,2,1
1211.0,0.0,2,1
49.0,143.8,0,1
840.0,36.0,2,6
204.0,119.0,0,8
989.0,18.07,0,6
638.0,118.32,0,7
0.0,49.5,2,1
35.0,0.0,2,2
440.0,240.0,0,3
4.0,348.0,0,4
1467.0,119.0,0,4
4298.0,78.88,2,3
426.0,36.0,2,4
261.0,174.0,2,3
848.0,119.0,2,2
148.0,36.0,2,4
179.0,36.0,0,6
1447.0,174.0,0,6
8.0,325.6,1,4
634.0,119.0,2,6
714.0,91.8,2,3
2498.0,226.09,2,3
656.0,97.0,2,4
3029.0,149.99,2,4
517.0,348.0,0,1
1031.0,67.9,2,7
158.0,119.0,2,4
1964.0,119.0,2,4
1297.0,51.0,2,6
386.0,174.0,0,1
3522.0,78.87,2,3
997.0,78.88,2,3
844.0,212.28,1,6
170.0,91.5,2,3
5693.0,119.0,2,4
895.0,467.0,0,2
0.0,184.44,0,7
5617.0,303.44,0,3
0.0,121.0,0,2
319.0,63.63,2,3
475.0,119.0,0,2
565.0,121.0,0,6
1212.0,63.63,2,6
1103.0,64.8,2,6
3448.0,36.0,0,7
485.0,285.27,1,3
228.0,14.25,2,3
40.0,68.36,2,1
6463.0,143.61,0,4
26.0,35.96,2,7
195.0,373.2,0,1
2482.0,70.07,0,1
7569.0,36.0,0,3
59.0,207.48,1,3
510.0,135.23,0,2
109.0,49.55,0,4
151.0,184.44,0,2
65.0,119.0,2,2
1705.0,9.5,2,3
2888.0,271.81,2,1
866.0,36.0,2,6
513.0,91.5,2,3
173.0,208.09,1,3
1829.0,18.0,2,4
521.0,97.0,2,2
1931.0,119.0,0,2
2949.0,64.8,2,7
113.0,174.0,0,3
410.0,119.0,0,2
87.0,49.5,0,1
1050.0,64.8,2,8
134.0,36.0,2,1
997.0,19.0,2,6
1597.0,91.51,2,6
5831.0,81.31,2,1
458.0,36.0,0,4
145.0,78.87,2,1
1861.0,64.8,0,2
290.0,142.8,1,1
1032.0,184.44,0,3
366.0,174.0,0,3
497.0,78.87,2,3
3192.0,119.0,0,2
184.0,119.0,1,2
2136.0,121.0,2,2
0.0,174.0,2,3
2517.0,174.0,0,2
384.0,29.01,0,3
201.0,36.0,0,8
1634.0,36.0,0,1
830.0,18.0,2,2
356.0,35.99,0,3
152.0,19.0,2,3
769.0,119.0,2,2
4150.0,34.2,2,1
259.0,119.0,0,2
444.0,173.75,0,3
451.0,183.0,2,3
423.0,119.0,0,6
167.0,42.8,1,3
69.0,119.0,0,6
799.0,119.0,2,4
1114.0,34.2,2,1
273.0,174.0,2,3
1.0,27.0,0,3
267.0,119.0,0,6
360.0,174.0,0,1
1308.0,365.75,2,8
1573.0,27.0,2,4
104.0,149.57,0,1
114.0,119.0,2,1
1584.0,19.0,2,2
2029.0,172.8,2,2
601.0,119.0,2,4
298.0,119.0,2,6
122.0,112.48,2,1
605.0,184.44,0,3
264.0,119.0,0,8
181.0,63.63,2,3
385.0,19.0,2,3
709.0,78.88,2,3
3928.0,220.99,1,3
130.0,119.0,0,6
254.0,240.0,2,7
196.0,35.7,2,3
1718.0,19.0,2,1
707.0,174.0,0,1
125.0,149.99,0,3
2411.0,97.0,0,7
1511.0,217.5,1,1
23606.0,159.74,0,1
602.0,93.73,0,1
602.0,49.41,2,3
326.0,49.5,0,1
3513.0,36.0,2,4
4025.0,86.12,2,6
495.0,119.0,0,6
1031.0,174.0,2,3
3495.0,35.15,2,6
3192.0,149.99,2,2
2540.0,19.0,2,3
597.0,184.33,0,3
345.0,49.46,0,4
18.0,174.0,0,3
1737.0,36.0,2,6
341.0,149.9,2,1
3102.0,173.17,0,2
507.0,293.0,0,2
151.0,174.0,0,8
375.0,64.8,0,6
719.0,124.11,1,3
392.0,173.49,0,6
872.0,91.5,2,1
3105.0,174.0,0,7
1.0,240.0,0,3
16.0,268.99,2,6
3.0,119.0,0,6
61.0,119.0,2,1
2444.0,173.01,1,7
82.0,119.0,0,6
282.0,174.24,0,3
112.0,149.99,0,3
1654.0,36.0,0,3
1119.0,77.11,2,6
4.0,49.4,0,1
818.0,173.47,0,3
1789.0,64.8,0,4
66.0,174.0,0,3
1.0,184.44,0,3
778.0,129.68,1,1
1872.0,213.36,0,3
200.0,78.88,2,3
528.0,78.87,2,7
57.0,49.59,0,1
259.0,97.0,0,8
48.0,36.0,0,8
1590.0,91.8,2,3
482.0,149.99,2,3
3.0,96.99,2,3
1442.0,18.0,2,4
402.0,207.94,1,3
129.0,36.0,0,1
4.0,149.99,0,3
71.0,119.0,0,1
165.0,149.99,0,2
1788.0,180.8,1,3
1328.0,149.99,0,1
7.0,149.99,2,4
18.0,78.87,2,7
236.0,150.44,0,2
546.0,178.34,1,3
48.0,149.99,0,3
163.0,19.0,2,3
107.0,149.24,1,4
1360.0,78.87,2,3
129.0,78.87,2,3
1217.0,149.99,0,1
259.0,149.99,0,1
101.0,119.0,0,8
274.0,44.07,1,8
242.0,123.55,2,3
2047.0,149.99,0,8
0.0,149.99,0,1
145.0,149.6,0,3
37.0,149.99,0,4
759.0,78.87,2,3
15.0,149.99,0,3
0.0,119.0,2,6
986.0,149.99,0,1
77.0,78.87,2,3
6.0,149.99,0,3
162.0,178.11,1,7
428.0,78.87,2,5
0.0,119.0,0,4
134.0,149.99,0,3
223.0,78.87,2,2
241.0,36.0,2,3
47.0,149.99,2,7
422.0,149.99,2,7
940.0,149.99,2,7
34.0,78.87,2,7
65.0,78.87,2,7
2333.0,44.28,2,1
18.0,119.0,2,7
1424.0,149.99,1,3
0.0,78.87,2,6
263.0,36.0,2,4
1.0,49.5,2,4
386.0,269.46,2,4
7.0,119.0,2,4
744.0,119.0,2,6
1031.0,78.87,2,3
7.0,141.61,1,6
853.0,149.99,0,3
0.0,78.87,2,2
85.0,36.01,0,1
3401.0,78.88,2,1
564.0,149.99,2,4
254.0,149.99,0,2
125.0,14.25,2,1
1801.0,78.87,2,4
1801.0,119.0,2,8
18.0,19.0,2,1
0.0,78.88,2,6
356.0,147.56,2,8
237.0,36.0,0,1
157.0,97.0,2,8
865.0,78.87,2,2
150.0,246.99,2,1
5007.0,61.2,2,3
796.0,149.99,2,7
256.0,78.88,2,1
436.0,119.0,2,2
384.0,185.89,2,1
1373.0,64.8,2,4
638.0,78.87,2,4
181.0,119.0,2,6
1142.0,62.22,2,4
785.0,119.0,0,2
1038.0,150.36,0,1
653.0,149.57,0,4
175.0,149.58,0,7
399.0,149.99,2,7
352.0,36.0,2,8
2193.0,68.15,2,1
106.0,149.99,1,6
0.0,149.99,0,4
0.0,149.99,0,3
0.0,149.99,0,1
105.0,149.99,0,3
0.0,119.0,2,2
1253.0,78.87,2,7
30.0,78.87,2,3
82.0,119.0,0,1
528.0,149.99,0,6
1765.0,150.32,0,3
68.0,149.99,0,8
616.0,78.87,2,4
207.0,183.0,2,7
8.0,149.99,0,1
5.0,149.99,2,3
1455.0,113.45,2,7
0.0,149.85,2,6
322.0,149.99,0,3
1850.0,19.0,2,3
42.0,119.0,0,8
196.0,149.99,0,8
637.0,149.99,0,3
456.0,19.0,2,3
31.0,149.99,0,3
0.0,150.42,0,1
168.0,150.29,0,4
0.0,268.99,0,1
95.0,149.99,0,3
40.0,149.51,0,1
295.0,149.51,0,3
156.0,149.99,2,8
187.0,149.99,2,7
168.0,63.63,2,3
343.0,49.5,2,1
77.0,36.0,0,1
4180.0,91.5,2,3
802.0,91.5,2,1
537.0,64.8,2,8
100.0,51.0,2,3
158.0,174.0,0,3
692.0,36.0,0,6
0.0,184.44,0,1
115.0,62.22,2,4
111.0,29.0,0,3
66.0,30.6,2,4
180.0,174.0,0,7
307.0,19.0,2,2
207.0,36.0,0,3
359.0,149.99,2,1
39.0,72.56,2,1
303.0,141.0,2,3
15.0,174.0,0,7
2416.0,64.8,2,1
221.0,27.0,0,2
46.0,121.0,1,2
458.0,63.63,2,1
118.0,36.0,0,8
204.0,43.92,1,1
117.0,174.0,0,6
4357.0,77.76,1,6
290.0,19.0,2,2
63.0,184.49,1,6
93.0,36.0,0,4
594.0,348.0,0,8
1672.0,172.78,0,3
36448.0,31.16,2,3
557.0,130.0,2,7
190.0,91.5,2,3
442.0,78.87,2,3
2070.0,14.25,2,6
3431.0,174.0,0,6
651.0,85.5,2,3
480.0,70.0,2,3
713.0,19.0,2,3
5447.0,34.2,2,6
219.0,19.0,2,4
609.0,14.25,2,6
3269.0,141.0,2,3
124.0,174.0,0,3
2.0,36.0,0,1
1159.0,36.0,2,1
10.0,63.63,2,3
72.0,36.0,0,3
1114.0,27.0,2,3
455.0,19.0,2,3
53.0,174.0,0,3
191.0,14.25,2,3
543.0,36.0,1,8
1016.0,36.0,2,6
158.0,86.25,2,3
1956.0,36.0,2,2
553.0,36.0,2,3
276.0,174.0,1,6
585.0,174.0,0,3
5114.0,91.5,2,4
537.0,42.12,2,7
397.0,43.92,1,6
2.0,49.5,0,8
968.0,125.99,2,3
953.0,42.12,2,1
2415.0,79.7,2,1
9418.0,87.84,0,8
667.0,43.92,1,1
273.0,184.44,0,8
40.0,14.25,2,3
5106.0,174.0,2,2
272.0,149.99,0,2
289.0,174.0,0,1
28.0,155.52,1,4
73.0,49.5,0,1
432.0,149.99,2,3
77.0,29.0,2,3
7.0,91.5,2,3
984.0,149.99,0,3
1156.0,18.0,2,8
3816.0,154.22,1,6
14.0,29.0,2,3
183.0,19.0,2,3
1494.0,34.2,2,3
1209.0,36.0,0,3
1068.0,91.5,2,2
992.0,36.0,0,1
9582.0,83.53,2,7
275.0,174.93,1,6
1590.0,27.0,1,6
5790.0,174.0,0,3
2288.0,64.8,0,1
500.0,49.5,2,1
35.0,97.0,0,8
546.0,64.8,2,1
85.0,184.44,0,3
42.0,184.44,0,8
1105.0,174.0,0,3
0.0,49.5,0,1
793.0,91.5,2,7
20.0,174.0,0,1
31.0,184.44,1,3
363.0,207.06,2,1
34.0,184.44,0,3
495.0,149.99,0,3
800.0,34.2,2,1
94.0,91.5,2,3
377.0,155.12,0,2
3214.0,34.2,2,2
28.0,49.5,0,3
277.0,96.99,2,1
331.0,207.06,1,3
1647.0,19.0,2,3
44.0,184.44,0,6
240.0,358.44,0,3
8.0,49.5,2,8
1622.0,174.0,0,7
38.0,68.36,2,7
276.0,174.0,2,1
496.0,36.0,0,6
177.0,36.0,2,4
1900.0,19.0,2,4
2085.0,51.0,2,8
147.0,51.0,2,3
271.0,36.0,0,6
156.0,91.5,2,3
131.0,174.0,1,3
868.0,19.0,2,3
970.0,214.02,1,6
379.0,210.54,2,8
3418.0,89.74,2,3
48.0,43.56,1,8
157.0,64.8,0,1
12.0,99.0,0,7
4635.0,96.99,2,1
327.0,42.84,1,8
523.0,348.0,0,1
684.0,64.8,0,8
215.0,64.8,0,1
510.0,97.0,0,6
175.0,184.44,0,6
80.0,36.0,0,2
2085.0,216.83,1,3
1528.0,207.06,1,8
1720.0,14.25,2,3
301.0,174.0,0,1
31.0,77.3,2,7
455.0,174.0,2,3
2110.0,121.0,0,3
761.0,91.5,2,3
294.0,91.5,2,3
105.0,118.32,2,7
5.0,72.56,2,8
10.0,49.5,0,8
10.0,121.0,2,3
1300.0,174.0,2,2
437.0,91.5,2,3
362.0,68.15,2,1
22.0,240.0,0,1
20.0,63.63,2,3
1187.0,207.06,1,6
2746.0,50.12,2,3
23.0,156.0,0,2
756.0,36.0,0,6
279.0,149.99,2,3
311.0,43.56,1,1
9.0,184.44,0,3
131.0,174.0,0,3
53.0,36.0,2,7
208.0,25.2,0,7
537.0,19.0,2,2
39.0,240.0,2,3
221.0,174.0,0,3
4298.0,82.04,2,3
110.0,174.0,0,1
1358.0,44.64,2,3
392.0,174.0,0,1
9.0,174.0,0,3
1690.0,62.22,2,1
562.0,51.0,2,3
7.0,49.5,0,8
32.0,29.0,0,3
714.0,184.44,0,3
1806.0,235.2,2,7
1369.0,25.5,2,3
2.0,184.44,0,3
145.0,36.0,0,1
117.0,29.0,0,3
1237.0,174.0,2,3
182.0,184.44,0,3
195.0,174.0,2,1
812.0,42.84,1,3
197.0,91.5,2,3
76.0,14.25,2,5
220.0,32.13,1,3
255.0,215.76,2,7
21.0,29.0,2,3
3262.0,32.4,1,7
365.0,64.8,0,6
452.0,174.0,2,1
70.0,36.0,2,3
45.0,19.0,2,6
1158.0,68.36,2,3
768.0,36.0,0,1
318.0,184.44,1,3
1333.0,64.8,0,1
4594.0,185.58,2,3
1585.0,36.0,0,1
915.0,91.5,2,8
265.0,33.21,2,3
43.0,27.0,0,3
11.0,68.36,2,7
486.0,86.25,2,3
935.0,174.0,0,8
1270.0,174.0,0,1
510.0,91.5,2,7
285.0,14.25,2,3
66.0,36.0,0,3
322.0,174.0,0,8
84.0,82.04,2,3
518.0,174.0,0,3
1131.0,72.56,2,3
1598.0,63.63,2,3
377.0,174.0,0,7
330.0,36.0,0,1
86.0,121.0,0,3
0.0,240.0,0,8
717.0,19.0,2,4
962.0,62.22,2,3
571.0,121.0,0,4
264.0,174.0,0,6
3574.0,371.26,1,3
333.0,63.63,2,4
23.0,184.44,0,6
385.0,34.2,2,1
2424.0,91.5,2,3
6445.0,19.0,2,1
2747.0,121.0,2,1
476.0,91.5,2,3
49.0,63.63,2,3
509.0,63.63,2,3
180.0,63.63,2,3
514.0,72.56,2,6
467.0,34.2,2,4
35.0,130.0,0,3
455.0,63.63,2,1
0.0,96.99,2,3
705.0,174.0,2,3
105.0,96.99,2,3
89.0,64.8,0,1
121.0,49.5,0,3
139.0,96.99,2,3
497.0,19.0,2,3
348.0,68.36,2,6
867.0,121.0,2,7
60.0,36.0,0,3
210.0,63.63,2,3
724.0,63.63,2,3
0.0,201.63,2,2
1652.0,19.0,2,7
246.0,121.0,2,3
350.0,121.0,1,6
53.0,121.0,0,2
948.0,63.63,0,6
366.0,137.98,0,2
1324.0,121.0,2,7
353.0,63.63,2,1
1.0,143.99,1,1
50.0,63.63,2,7
20.0,121.0,0,6
47.0,63.63,2,6
172.0,64.8,0,3
276.0,121.0,0,8
0.0,143.99,1,6
729.0,121.0,2,1
11072.0,159.0,0,3
129.0,130.0,0,4
22.0,63.63,2,3
668.0,121.0,2,7
246.0,63.63,2,7
335.0,121.0,0,3
131.0,63.63,2,8
119.0,63.63,2,3
97.0,156.0,1,1
6.0,63.63,2,2
2383.0,261.6,1,7
13.0,121.0,0,8
12.0,145.2,1,8
1852.0,68.36,2,3
0.0,147.62,1,8
1404.0,64.8,0,3
699.0,63.63,2,3
1177.0,130.0,0,3
526.0,130.0,0,4
7.0,130.0,0,1
143.0,68.36,2,3
20.0,130.0,2,3
692.0,130.0,0,1
60.0,68.36,2,2
35.0,68.36,2,3
587.0,68.36,2,1
6.0,130.0,0,1
159.0,130.0,0,6
336.0,68.36,2,1
24.0,130.0,0,3
0.0,68.36,2,3
36.0,68.36,2,4
21.0,49.5,0,1
233.0,137.98,2,3
108.0,130.0,2,3
0.0,137.98,0,4
0.0,72.56,2,6
679.0,137.98,0,3
570.0,137.98,0,2
215.0,72.56,2,3
199.0,36.0,0,6
191.0,36.0,0,3
436.0,169.72,2,4
742.0,72.56,2,1
0.0,49.5,0,4
1314.0,64.8,2,7
25.0,137.98,0,3
159.0,137.98,0,3
65.0,72.56,2,1
219.0,137.98,0,3
58.0,77.3,2,3
43.0,72.56,2,1
386.0,174.0,0,6
4.0,169.72,2,3
3.0,147.0,2,4
890.0,36.0,2,4
1004.0,137.98,0,8
76.0,72.56,2,6
44.0,86.25,2,1
1.0,72.56,2,3
0.0,72.56,2,3
0.0,72.56,2,3
700.0,166.96,1,6
5.0,77.3,2,1
50.0,58.91,2,3
39.0,164.01,2,2
212.0,147.0,0,1
178.0,49.5,2,1
378.0,49.5,2,1
20.0,147.0,0,3
92.0,49.5,0,1
185.0,36.0,0,1
1191.0,147.0,2,3
190.0,147.0,0,8
115.0,147.0,0,1
194.0,36.0,2,1
358.0,147.0,2,3
123.0,147.0,0,3
485.0,77.3,2,2
669.0,77.3,2,1
587.0,36.0,2,3
23.0,156.0,0,4
256.0,49.5,0,8
121.0,19.0,2,3
1592.0,156.0,0,4
17.0,164.01,0,3
0.0,156.0,2,6
125.0,82.04,2,4
553.0,91.5,2,4
173.0,82.04,2,3
98.0,82.04,2,3
49.0,174.0,0,2
0.0,156.0,2,4
86.0,98.45,2,7
0.0,156.0,0,4
156.0,156.0,2,3
206.0,82.04,2,3
404.0,86.25,2,8
0.0,156.0,2,6
115.0,156.0,2,4
1201.0,164.01,0,7
9.0,86.25,2,3
1278.0,164.01,0,2
602.0,86.25,2,6
371.0,86.25,2,6
118.0,86.25,2,7
458.0,164.01,0,3
258.0,164.01,0,1
36.0,164.01,0,3
75.0,201.73,2,7
0.0,86.25,2,3
677.0,164.01,0,3
23.0,201.73,2,7
117.0,86.25,2,1
706.0,86.25,2,3
225.0,36.0,0,3
1218.0,86.25,2,6
357.0,97.0,0,1
1715.0,174.0,0,4
172.0,29.0,0,3
352.0,36.0,2,4
448.0,91.5,2,3
140.0,174.0,0,7
3.0,0.0,0,7
389.0,19.0,2,7
565.0,51.0,2,3
151.0,174.0,0,4
528.0,44.28,0,3
707.0,19.0,2,6
96.0,96.99,2,3
234.0,49.5,2,4
51.0,60.89,2,4
138.0,42.84,1,3
88.0,19.0,2,3
222.0,9.5,2,3
223.0,19.0,2,3
918.0,19.0,2,1
259.0,16.15,2,4
665.0,215.76,2,7
194.0,19.0,2,3
902.0,91.5,2,1
167.0,214.02,1,2
454.0,219.48,1,8
119.0,36.0,0,7
95.0,36.0,0,7
0.0,79.0,0,3
8.0,49.5,0,1
20.0,138.0,0,2
416.0,138.0,0,6
4.0,156.0,2,6
82.0,96.99,2,3
95.0,14.25,2,1
783.0,91.5,2,3
194.0,348.0,2,7
798.0,228.71,1,3
77.0,36.0,0,3
23.0,174.0,0,8
19.0,78.87,2,7
126.0,14.25,2,7
183.0,151.0,2,4
40.0,143.0,0,2
78.0,49.5,2,8
380.0,96.99,2,3
523.0,36.0,0,3
264.0,91.5,2,7
133.0,14.25,2,8
22.0,184.44,0,8
660.0,91.5,2,3
20.0,147.0,0,2
279.0,91.5,2,4
268.0,9.5,2,1
9.0,9.5,2,1
307.0,151.0,2,7
166.0,174.0,2,3
114.0,179.69,1,6
139.0,36.0,2,3
137.0,185.64,1,6
221.0,174.0,0,2
64.0,149.99,0,3
115.0,156.0,0,2
242.0,207.06,2,4
770.0,19.0,2,7
473.0,19.0,2,1
87.0,174.0,0,8
0.0,184.44,0,8
527.0,30.6,2,7
69.0,174.0,0,1
757.0,19.0,2,3
409.0,36.0,0,3
3.0,174.0,0,8
0.0,164.0,0,1
61.0,19.0,2,3
1.0,19.0,2,4
230.0,174.0,0,1
201.0,27.0,0,3
229.0,164.0,0,2
0.0,164.0,0,2
1250.0,36.0,2,1
113.0,174.0,0,7
54.0,49.5,0,1
101.0,36.0,0,8
437.0,14.25,2,3
3.0,49.5,0,1
0.0,79.0,2,3
94.0,36.0,0,1
0.0,79.0,2,3
11.0,79.0,0,3
0.0,79.0,0,3
4.0,79.0,0,3
0.0,228.99,0,3
0.0,79.0,0,3
15.0,79.0,0,3
59.0,79.0,2,3
222.0,174.0,0,3
58.0,79.0,0,3
0.0,79.0,0,3
115.0,184.44,0,3
126.0,36.0,0,3
7.0,79.0,2,3
0.0,94.8,2,4
111.0,17.81,1,1
0.0,79.0,0,6
0.0,94.01,1,4
22.0,79.0,2,1
90.0,240.0,1,3
3.0,79.0,0,4
28.0,79.0,0,4
38.0,49.5,0,1
0.0,79.0,0,3
58.0,94.01,1,3
213.0,251.76,0,3
119.0,208.8,2,3
54.0,184.44,0,1
0.0,95.59,1,3
30.0,49.5,2,4
11.0,79.0,0,3
28.0,79.0,0,2
57.0,36.0,2,2
44.0,36.0,2,1
0.0,79.0,0,3
